/*
 Navicat Premium Data Transfer

 Source Server         : mysqlserver
 Source Server Type    : MySQL
 Source Server Version : 100140
 Source Host           : localhost:3306
 Source Schema         : vizewdatabase

 Target Server Type    : MySQL
 Target Server Version : 100140
 File Encoding         : 65001

 Date: 22/06/2019 01:11:33
*/

SET NAMES utf8mb4;
SET FOREIGN_KEY_CHECKS = 0;

-- ----------------------------
-- Table structure for category
-- ----------------------------
DROP TABLE IF EXISTS `category`;
CREATE TABLE `category`  (
  `id` int(11) NOT NULL AUTO_INCREMENT,
  `name` varchar(255) CHARACTER SET utf8 COLLATE utf8_general_ci NULL DEFAULT NULL,
  `totalpost` int(11) NULL DEFAULT NULL,
  `createddate` datetime(0) NULL DEFAULT NULL ON UPDATE CURRENT_TIMESTAMP(0),
  PRIMARY KEY (`id`) USING BTREE
) ENGINE = InnoDB AUTO_INCREMENT = 6 CHARACTER SET = utf8 COLLATE = utf8_general_ci ROW_FORMAT = Compact;

-- ----------------------------
-- Records of category
-- ----------------------------
INSERT INTO `category` VALUES (1, 'Thể thao', 8, '2019-05-10 23:05:23');
INSERT INTO `category` VALUES (2, 'Sức khỏe', 8, '2019-05-24 21:00:23');
INSERT INTO `category` VALUES (3, 'Công nghệ', 8, '2019-05-24 20:59:23');
INSERT INTO `category` VALUES (4, 'Kinh doanh', 9, '2019-05-24 21:00:51');
INSERT INTO `category` VALUES (5, 'Thị trường', 9, '2019-05-24 20:57:54');

-- ----------------------------
-- Table structure for comment
-- ----------------------------
DROP TABLE IF EXISTS `comment`;
CREATE TABLE `comment`  (
  `idcomment` int(100) NOT NULL AUTO_INCREMENT,
  `idproduct` int(100) NULL DEFAULT NULL,
  `nameuser` varchar(255) CHARACTER SET utf8 COLLATE utf8_vietnamese_ci NULL DEFAULT NULL,
  `content` varchar(255) CHARACTER SET utf8 COLLATE utf8_general_ci NULL DEFAULT NULL,
  `createddate` datetime(0) NULL DEFAULT NULL ON UPDATE CURRENT_TIMESTAMP(0),
  PRIMARY KEY (`idcomment`) USING BTREE
) ENGINE = InnoDB AUTO_INCREMENT = 24 CHARACTER SET = utf8 COLLATE = utf8_general_ci ROW_FORMAT = Compact;

-- ----------------------------
-- Records of comment
-- ----------------------------
INSERT INTO `comment` VALUES (1, 11, 'Duy', 'Bài viết này hay quá', '2019-06-17 16:31:11');
INSERT INTO `comment` VALUES (2, 11, 'Hải', 'Bài viết quá súc động', '2019-06-17 16:31:25');
INSERT INTO `comment` VALUES (3, 11, 'Hậu', 'Con người thật vĩ đại khi có thể làm được như thế', '2019-06-17 16:31:44');
INSERT INTO `comment` VALUES (4, 11, 'Hào', 'Ở ngoài kia còn có nhiều người chưa được ăn no ngủ kĩ như vậy', '2019-06-17 16:32:19');
INSERT INTO `comment` VALUES (8, 11, 'Nhật', 'Bài viết rất hay ', '2019-06-19 13:08:47');
INSERT INTO `comment` VALUES (9, 11, 'Dương', 'Bài viết hay quá', '2019-06-17 18:50:24');
INSERT INTO `comment` VALUES (10, 11, 'Dương', 'Hay quá đi thôi', '2019-06-19 13:09:56');
INSERT INTO `comment` VALUES (11, 11, 'Phong', 'hay quá', '2019-06-17 18:51:33');
INSERT INTO `comment` VALUES (12, 11, 'Mạnh', 'hay quá ae ơi ', '2019-06-17 18:53:59');
INSERT INTO `comment` VALUES (13, 22, 'Lê', 'hay quá đi', '2019-06-18 00:32:30');
INSERT INTO `comment` VALUES (14, 22, 'Huyền', 'hay', '2019-06-11 14:17:53');
INSERT INTO `comment` VALUES (15, 22, 'Thủy', 'hay', '2019-06-28 14:17:55');
INSERT INTO `comment` VALUES (16, 16, 'Hạc', 'hay quá', '2019-06-20 14:18:08');
INSERT INTO `comment` VALUES (17, 16, 'Phồng', 'hay', '2019-06-10 14:18:16');
INSERT INTO `comment` VALUES (18, 4, 'Nhân', 'hay ghê', '2019-06-04 14:18:42');
INSERT INTO `comment` VALUES (20, 49, 'Thắm', 'hay quá mọi người', '2019-06-20 15:29:56');
INSERT INTO `comment` VALUES (21, 49, 'Nhung', 'đáng đọc', '2019-06-20 15:30:07');
INSERT INTO `comment` VALUES (22, 49, 'Trang', 'đáng suy ngẫm', '2019-06-20 15:30:18');
INSERT INTO `comment` VALUES (23, 15, 'Duy Đẹp Trai', 'Bài viết hay thật ', '2019-06-20 17:56:40');

-- ----------------------------
-- Table structure for editor_category
-- ----------------------------
DROP TABLE IF EXISTS `editor_category`;
CREATE TABLE `editor_category`  (
  `ideditor` int(11) NOT NULL,
  `idcategory` int(11) NOT NULL,
  PRIMARY KEY (`ideditor`, `idcategory`) USING BTREE
) ENGINE = InnoDB CHARACTER SET = utf8 COLLATE = utf8_vietnamese_ci ROW_FORMAT = Compact;

-- ----------------------------
-- Records of editor_category
-- ----------------------------
INSERT INTO `editor_category` VALUES (3, 1);
INSERT INTO `editor_category` VALUES (7, 2);
INSERT INTO `editor_category` VALUES (9, 3);
INSERT INTO `editor_category` VALUES (10, 4);
INSERT INTO `editor_category` VALUES (11, 5);

-- ----------------------------
-- Table structure for payment
-- ----------------------------
DROP TABLE IF EXISTS `payment`;
CREATE TABLE `payment`  (
  `idsubcriber` int(11) NOT NULL,
  `paymentdate` datetime(0) NULL DEFAULT NULL ON UPDATE CURRENT_TIMESTAMP(0),
  `expiry` datetime(0) NULL DEFAULT NULL,
  `typecard` varchar(255) CHARACTER SET utf8 COLLATE utf8_general_ci NULL DEFAULT NULL,
  `series` varchar(255) CHARACTER SET utf8 COLLATE utf8_general_ci NULL DEFAULT NULL,
  `cvv` varchar(255) CHARACTER SET utf8 COLLATE utf8_general_ci NULL DEFAULT NULL,
  `expirycard` varchar(255) CHARACTER SET utf8 COLLATE utf8_general_ci NULL DEFAULT NULL,
  PRIMARY KEY (`idsubcriber`) USING BTREE
) ENGINE = InnoDB CHARACTER SET = utf8 COLLATE = utf8_general_ci ROW_FORMAT = Compact;

-- ----------------------------
-- Records of payment
-- ----------------------------
INSERT INTO `payment` VALUES (4, '2019-05-10 23:12:58', '2019-05-17 23:13:04', 'Master Card', '0987234211244562', '123', '06/23');
INSERT INTO `payment` VALUES (5, '2019-05-08 23:14:12', '2019-05-15 23:14:19', 'VISA', '1341444252424544', '453', '03/22');

-- ----------------------------
-- Table structure for post
-- ----------------------------
DROP TABLE IF EXISTS `post`;
CREATE TABLE `post`  (
  `id` int(11) NOT NULL AUTO_INCREMENT,
  `titlepost` varchar(255) CHARACTER SET utf8 COLLATE utf8_general_ci NULL DEFAULT NULL,
  `content` longtext CHARACTER SET utf8 COLLATE utf8_general_ci NULL,
  `image` varchar(255) CHARACTER SET utf8 COLLATE utf8_general_ci NULL DEFAULT NULL,
  `idcategory` int(11) NULL DEFAULT NULL,
  `idwriter` int(11) NULL DEFAULT NULL,
  `submittime` datetime(0) NULL DEFAULT NULL ON UPDATE CURRENT_TIMESTAMP(0),
  `status` varchar(255) CHARACTER SET utf8 COLLATE utf8_general_ci NULL DEFAULT NULL,
  `createddate` datetime(0) NULL DEFAULT NULL ON UPDATE CURRENT_TIMESTAMP(0),
  `summary` text CHARACTER SET utf8 COLLATE utf8_general_ci NULL,
  `views` int(11) NULL DEFAULT NULL,
  `reason` varchar(255) CHARACTER SET utf8 COLLATE utf8_general_ci NULL DEFAULT NULL,
  `publishdate` datetime(0) NULL DEFAULT NULL,
  `ispremium` int(1) NULL DEFAULT NULL,
  PRIMARY KEY (`id`) USING BTREE,
  FULLTEXT INDEX `titlepost`(`titlepost`, `content`)
) ENGINE = InnoDB AUTO_INCREMENT = 64 CHARACTER SET = utf8 COLLATE = utf8_general_ci ROW_FORMAT = Compact;

-- ----------------------------
-- Records of post
-- ----------------------------
INSERT INTO `post` VALUES (1, '9 sự thật nổ não về sự giàu có tột cùng của CEO Amazon, Jeff Bezos', '<p class=\"\">Thậm chí sau khi ly hôn vợ là MacKenzie Bezos (và bị chia gia sản), CEO Amazon vẫn tiếp tục chiếm giữ vị trí người giàu nhất thế giới. Vợ cũ của ông sẽ giữ 4% cổ phần tại Amazon với giá trị gần 35,7 tỷ USD, biến bà thành người phụ nữ giàu thứ 3 thế giới.</p><p class=\"\">Dù lương hàng năm của Jeff Bezos chỉ 81.840 USD, hầu hết sự giàu có của ông lại đến từ cổ phần trong Amazon. Người đàn ông giàu nhất thế giới này làm ra 2.489 USD mỗi giây, tức cao gấp đôi số tiền một công nhân bình thường ở Mỹ làm được mỗi tuần.</p><p class=\"\">Dưới đây là 9 sự thật nổ não cho thấy sự giàu có tột cùng của Jeff Bezos.</p><div class=\"VCSortableInPreviewMode noCaption\" type=\"Photo\" style=\"\"><div><img src=\"http://genknews.genkcdn.vn/thumb_w/660/2019/5/3/5cc8465bb14bf4061e28ecde-750-563-1556890290228279754808.jpg\" id=\"img_c450dab0-6da7-11e9-b2cd-57119c2f8d8a\" w=\"750\" h=\"563\" alt=\"9 sự thật nổ não về sự giàu có tột cùng của CEO Amazon, Jeff Bezos - Ảnh 1.\" title=\"9 sự thật nổ não về sự giàu có tột cùng của CEO Amazon, Jeff Bezos - Ảnh 1.\" rel=\"lightbox\" photoid=\"c450dab0-6da7-11e9-b2cd-57119c2f8d8a\" type=\"photo\" data-original=\"http://genknews.genkcdn.vn/2019/5/3/5cc8465bb14bf4061e28ecde-750-563-1556890290228279754808.jpg\" width=\"\" height=\"\"></div><div class=\"PhotoCMS_Caption\"></div></div><p class=\"\"><b>1. Bezos có giá trị 121 tỷ USD dù chỉ được trả lương mỗi năm 81.840 USD - thậm chí còn thấp hơn mức lương của đại đa số người Mỹ.</b></p><p class=\"\">Tất nhiên, một phần khá lớn trong sự giàu có của Bezos gắn liền với cổ phiếu của Amazon, không phải lương của ông.</p><p class=\"\"><b>2. Bezos làm ra 2.489 USD mỗi giây - hơn gấp đôi số tiền một công nhân Mỹ làm ra mỗi tuần.</b></p><p class=\"\">Con số này tương đương 149.353 USD mỗi phút. Điều đó có nghĩa là chỉ trong 1 phút, CEO Amazon kiếm được hơn gấp 3 lần một công nhân trung bình ở Mỹ kiếm được trong 1 năm: khoảng 47.000 USD.</p><p class=\"\"><b>3. Sau khi ly hôn MacKenzie Bezos và từ bỏ 25% cổ phần Amazon sở hữu bởi cả hai người, Jeff Bezos vẫn giữ vị trí người giàu nhất thế giới.</b></p><div class=\"VCSortableInPreviewMode noCaption\" type=\"Photo\" style=\"\"><div><img src=\"http://genknews.genkcdn.vn/thumb_w/660/2019/5/3/5cc84766b14bf415013a4127-750-563-155689172149324568953.jpg\" id=\"img_1976ebd0-6dab-11e9-9caa-5381ada2910c\" w=\"750\" h=\"563\" alt=\"9 sự thật nổ não về sự giàu có tột cùng của CEO Amazon, Jeff Bezos - Ảnh 2.\" title=\"9 sự thật nổ não về sự giàu có tột cùng của CEO Amazon, Jeff Bezos - Ảnh 2.\" rel=\"lightbox\" photoid=\"1976ebd0-6dab-11e9-9caa-5381ada2910c\" type=\"photo\" data-original=\"http://genknews.genkcdn.vn/2019/5/3/5cc84766b14bf415013a4127-750-563-155689172149324568953.jpg\" width=\"\" height=\"\"></div><div class=\"PhotoCMS_Caption\"></div></div><p>Trong khi đó, MacKenzie Bezos sẽ trở thành người phụ nữ giàu thứ 3 thế giới, sau người thừa kế L\'Oreal là Francoise Bettencourt Meyers và người thừa kế Walmart là Alice Walton.</p><p>MacKenzie, từng là một trong những nhân viên đầu tiên của Amazon, hiện có giá trị ước tính 38,9 tỷ USD.</p><p><b>4. Với 121 tỷ USD của mình, Bezos có giá trị ròng tương đương 30% số tiền học bổng của top 100 trường đại học Mỹ.</b></p><p>Ba trường đại học giàu nhất nước Mỹ vào năm ngoái dựa trên số tiền học bổng của họ là Đại học Harvard (38,3 tỷ USD), hệ thống Đại học Texas (30,9 tỷ USD), và Đại học Yale (29,4 tỷ USD).</p><p>Tài sản của Bezos lớn hơn tổng số tiền tài trợ của 3 trường đại học nêu trên gộp lại - chính xác là nhiều hơn 22 tỷ USD.</p><p><b>5. Bezos giàu đến mức nếu một người trung bình tại Mỹ tiêu 1 USD sẽ tương đương với Bezos tiêu 1,2 triệu USD.</b></p><p>Giá trị ròng trung bình của một hộ gia đình trung bình ở Mỹ là 97.300 USD. Lấy 121 tỷ USD chia cho 97.300 USD sẽ cho ra kết quả 1,2 triệu USD.</p><p><b>6. CEO Amazon giàu hơn Hoàng gia Anh đến gần 38%.</b></p><p>Hoàng gia Anh có giá trị ước tính 88 tỷ USD vào năm 2017.</p><p><b>7. Bezos có giá trị gần tương đương với tổng sản phẩm quốc nội (GDP) của toàn Angola.</b></p><p>Khoảng một nửa GDP của Angola (121 tỷ USD) đến từ sản xuất dầu mỏ, vốn chiếm hơn 90% số mặt hàng xuất khẩu của quốc gia này.</p><p><b>8. Giá trị ròng của Bezos lớn hơn tổng số GDP của Iceland, Afghanistan và Costa Rica gộp lại.</b></p><p>GDP của Iceland vào khoảng 31,6 tỷ USD, của Afghanistan là 22,9 tỷ USD, và Costa Rica là 64,9 tỷ USD.</p><p><b>9. Theo cơ quan An ninh Xã hội Mỹ (SSA), một người đàn ông trung bình tại Mỹ với bằng cử nhân sẽ kiếm được khoảng 2,2 triệu USD trong suốt cuộc đời. Bezos kiếm được chừng đó tiền chỉ trong chưa đầy...15 phút.</b></p><div class=\"VCSortableInPreviewMode noCaption active\" type=\"Photo\" style=\"\"><div><img src=\"http://genknews.genkcdn.vn/thumb_w/660/2019/5/3/5cc8feee0ea2551c6c67d673-750-562-1556894039766889576650.jpg\" id=\"img_7f337060-6db0-11e9-add2-1706fdd9b1de\" w=\"750\" h=\"562\" alt=\"9 sự thật nổ não về sự giàu có tột cùng của CEO Amazon, Jeff Bezos - Ảnh 3.\" title=\"9 sự thật nổ não về sự giàu có tột cùng của CEO Amazon, Jeff Bezos - Ảnh 3.\" rel=\"lightbox\" photoid=\"7f337060-6db0-11e9-add2-1706fdd9b1de\" type=\"photo\" data-original=\"http://genknews.genkcdn.vn/2019/5/3/5cc8feee0ea2551c6c67d673-750-562-1556894039766889576650.jpg\" width=\"\" height=\"\"></div><div class=\"PhotoCMS_Caption\"></div></div><p>Theo SSA, một người phụ nữ trung bình tại Mỹ với bằng cử nhân sẽ kiếm được 1,3 triệu USD trong suốt cuộc đời.</p><p>Trong khi đó, Bezos, cũng có bằng cử nhân Đại học Princeton, kiếm được 149,353 USD mỗi phút.</p>', '/img/bg-img/52.jpg', 4, 2, '2019-06-21 23:42:31', 'Đã duyệt', '2019-06-21 23:42:31', '<p class=\"mb-2\">Dù lương hàng năm của Jeff Bezos chỉ 81.840 USD, hầu hết sự giàu có của ông lại đến từ cổ phần trong Amazon. Người đàn ông giàu nhất thế giới</p>', 27, NULL, '2019-05-26 15:39:05', 1);
INSERT INTO `post` VALUES (2, 'Tại sao smartphone hiện nay có số \'chấm\' cao hơn cả máy ảnh chuyên nghiệp với giá bán còn rẻ hơn?', '<p>Thị trường công nghệ đang xảy ra một nghịch lý lớn, mà chắc chắn ai cũng đã tự hỏi một lần: Tại sao xuất hiện nhiều smartphone với độ phân giải rất cao, lên tới 40MP, 48MP với giá bán \'có thể gọi là cao\', nhưng vẫn rẻ hơn rất nhiều so với các máy ảnh chuyên nghiệp với độ phân giải chỉ 24MP, 30MP?</p><div class=\"VCSortableInPreviewMode\" type=\"Photo\" style=\"\"><div><img src=\"http://genknews.genkcdn.vn/thumb_w/660/2019/5/6/huawei-p30-pro-1-15571413321041932609880.jpg\" id=\"img_4fd2a5b0-6ff0-11e9-aa9c-dbccfc311fd7\" w=\"2000\" h=\"1334\" alt=\"Tại sao smartphone hiện nay có số chấm cao hơn cả máy ảnh chuyên nghiệp với giá bán còn rẻ hơn? - Ảnh 1.\" title=\"Tại sao smartphone hiện nay có số chấm cao hơn cả máy ảnh chuyên nghiệp với giá bán còn rẻ hơn? - Ảnh 1.\" rel=\"lightbox\" photoid=\"4fd2a5b0-6ff0-11e9-aa9c-dbccfc311fd7\" type=\"photo\" style=\"max-width:100%;\" data-original=\"http://genknews.genkcdn.vn/2019/5/6/huawei-p30-pro-1-15571413321041932609880.jpg\" width=\"\" height=\"\"></div><div class=\"PhotoCMS_Caption\"><p data-placeholder=\"[nhập chú thích]\" class=\"\">Smartphone Huawei P30 Pro với camera chính độ phân giải 40MP</p></div></div><p>Không kể tới các yếu tố khác biệt khác, khi mua smartphone ta còn có màn hình chất lượng cao, khả năng gọi điện thoại và lên mạng, trong khi mua máy ảnh thì có mơ cũng không thể làm được những điều đó. Vậy tại sao lại phải bỏ số tiền lớn để mua các máy ảnh cồng kềnh, tại sao các nhiếp ảnh gia chuyên nghiệp chưa bán chúng đi để mua smartphone?</p><div class=\"VCSortableInPreviewMode\" type=\"Photo\" style=\"\"><div><img src=\"http://genknews.genkcdn.vn/thumb_w/660/2019/5/2/tai-sao-2-15567994808351850409112.jpg\" id=\"img_5abca5d0-6cd4-11e9-bedd-bddf04bd8c58\" w=\"1280\" h=\"720\" alt=\"Tại sao smartphone hiện nay có số chấm cao hơn cả máy ảnh chuyên nghiệp với giá bán còn rẻ hơn? - Ảnh 2.\" title=\"Tại sao smartphone hiện nay có số chấm cao hơn cả máy ảnh chuyên nghiệp với giá bán còn rẻ hơn? - Ảnh 2.\" rel=\"lightbox\" photoid=\"5abca5d0-6cd4-11e9-bedd-bddf04bd8c58\" type=\"photo\" style=\"max-width:100%;\" data-original=\"http://genknews.genkcdn.vn/2019/5/2/tai-sao-2-15567994808351850409112.jpg\" width=\"\" height=\"\"></div><div class=\"PhotoCMS_Caption\"><p data-placeholder=\"[nhập chú thích]\" class=\"\">Máy ảnh Sony A7III với cảm biến Full-frame độ phân giải chỉ 24MP</p></div></div><p><b><i>Kích thước cảm biến ảnh định giá sản phẩm</i></b></p><p>Một trong những yếu tố khác biệt lớn nhất giữa camera trên điện thoại và các dòng máy ảnh chuyên nghiệp (DSLR, Mirrorless, Point &amp; Shoot) đó là kích thước cảm biến hình ảnh - một thành phần tốn rất nhiều tiền để sản xuất, đắt giá nhất trong một chiếc máy ảnh.</p><p>Smartphone có cảm biến hình ảnh từ&nbsp;1/4″ tới&nbsp;1/2.3″, một số dòng máy cao cấp thì có cảm biến lớn hơn là&nbsp;1/2″ và&nbsp;1/1.7″. Kích thước này quá nhỏ so với cảm biến Full-frame, APS-C hay 1 inch của máy ảnh.</p><div class=\"VCSortableInPreviewMode\" type=\"Photo\" style=\"\"><div><img src=\"http://genknews.genkcdn.vn/2019/5/2/tai-sao-1-1556799480832313334587.png\" id=\"img_5a745230-6cd4-11e9-8ac3-8f428c4c855b\" w=\"602\" h=\"274\" alt=\"Tại sao smartphone hiện nay có số chấm cao hơn cả máy ảnh chuyên nghiệp với giá bán còn rẻ hơn? - Ảnh 3.\" title=\"Tại sao smartphone hiện nay có số chấm cao hơn cả máy ảnh chuyên nghiệp với giá bán còn rẻ hơn? - Ảnh 3.\" rel=\"lightbox\" photoid=\"5a745230-6cd4-11e9-8ac3-8f428c4c855b\" type=\"photo\" style=\"max-width:100%;\" data-original=\"http://genknews.genkcdn.vn/2019/5/2/tai-sao-1-1556799480832313334587.png\" width=\"\" height=\"\"></div><div class=\"PhotoCMS_Caption\"><p data-placeholder=\"[nhập chú thích]\" class=\"\">Cảm biến càng lớn thì các điểm ảnh cũng sẽ càng lớn</p></div></div><p>Các cảm biến này được cắt từ một tấm silicon lớn, được gọi là \'wafer\'. Như biểu diễn ở hình ảnh ở trên, một tấm wafer chỉ có thể tạo ra được 24 cảm biến Full-frame và dư thừa tới 36% diện tích, trong khi con số đó với cảm biến 1 inch là 244 và 12.6%. Cùng diện tích wafer này, ta có thể làm được tới 1200 cảm biến dành cho smartphone!</p><p>Không dừng lại ở đó, các cảm biến này cũng có thể xảy ra lỗi, và cảm biến càng lớn thì nguy cơ xảy ra lỗi càng cao. Trong một lô cảm biến Full-frame có thể có tới 10 trên 24 chiếc bị lỗi, khiến giá thành bị tăng lên rất nhiều. Với một lô 1200 cảm biến smartphone, số lỗi cũng chỉ là 10, tỷ lệ đã thấp đi rất nhiều, trở nên không đáng kể.</p><p><b><i>Độ phân giải lớn không đồng nghĩa với ảnh đẹp hơn</i></b></p><p>Nếu như độ phân giải chỉ là một \'con số\', các nhà sản xuất có thể tăng nó tùy ý bằng cách thêm các đi-ốt thu nhận sáng thì tại sao họ không làm các cảm biến 100MP, 200MP hay 1000MP để có thể chụp được cả vi sinh vật? Câu trả lời nằm ở sự tương quan giữa kích thước cảm biến và độ phân giải.</p><p>Thêm càng nhiều đi-ốt (điểm ảnh) thì những điểm ảnh đó càng nhỏ đi, và từ đó độ nhạy sáng bị thấp đi nhiều. Lượng sáng càng ít, ảnh cuối cùng sẽ càng tối và máy sẽ phải sử dụng phần mềm để làm chúng sáng hơn, gây ra nhiễu hạt và rất nhiều những lỗi khác. Độ lớn của điểm ảnh cũng ảnh hưởng đến khả năng thu nhận màu sắc, khi các máy ảnh chuyên nghiệp có thể thu được 12 - 16 bit màu thì smartphone thường dừng lại ở 8 bit, nên cũng sẽ phải sử dụng các thủ thuật phần mềm để bù trừ.</p><p>Khi thiết kế một cảm biến, nhà sản xuất phải cân bằng được độ phân giải và khả năng thu nhận sáng của điểm ảnh để cho ra bức ảnh tốt nhất. Trên thị trường cũng đã có rất nhiều máy ảnh 40 - 50MP, nhưng với đa phần các nhiếp ảnh gia thì một cảm biến APS-C hoặc Full-frame độ phân giải từ 24 - 30MP là đủ dùng, có độ nét tốt cho cả mục đích xem trên màn hình lẫn in ấn, lại có khả năng chụp tối tốt.</p><div class=\"VCSortableInPreviewMode alignCenter\" type=\"Photo\" data-style=\"align-center\" style=\"\"><div><img src=\"http://genknews.genkcdn.vn/2019/5/2/tai-sao-3-15567994808371689471843.jpg\" id=\"img_5ad64850-6cd4-11e9-a014-e73e400e1866\" w=\"602\" h=\"401\" alt=\"Tại sao smartphone hiện nay có số chấm cao hơn cả máy ảnh chuyên nghiệp với giá bán còn rẻ hơn? - Ảnh 4.\" title=\"Tại sao smartphone hiện nay có số chấm cao hơn cả máy ảnh chuyên nghiệp với giá bán còn rẻ hơn? - Ảnh 4.\" rel=\"lightbox\" photoid=\"5ad64850-6cd4-11e9-a014-e73e400e1866\" type=\"photo\" style=\"max-width:100%;\" data-original=\"http://genknews.genkcdn.vn/2019/5/2/tai-sao-3-15567994808371689471843.jpg\" width=\"\" height=\"\"></div><div class=\"PhotoCMS_Caption\"><p data-placeholder=\"[nhập chú thích]\" class=\"\">So sánh lớp lọc màu màu Bayer và Quad-bayer</p></div></div><p>Vậy tại sao có những smartphone có độ phân giải lên đến 40MP hay 48MP? Câu trả lời nằm ở cách thức thiết kế cảm biến của chúng không giống với các loại thông thường. Các cảm biến hình ảnh trên máy ảnh và các smartphone truyền thống đều dùng bộ lọc màu Bayer, với các mảng Xanh, Xanh dương và Đỏ đặt xen kẽ nhau để thu nhận giá trị màu, còn các cảm biến độ phân giải cao của smartphone thì dùng bộ lọc Quad-bayer, đặt 4 điểm có màu tương đồng ở gần nhau.<br></p><p>Khi qua lớp Quad-bayer này, cảm biến 40MP sẽ cho ảnh độ phân giải \'thực\' 10MP, còn 48MP sẽ cho ảnh chỉ 12MP, giúp chúng có thể thu nhận được độ sáng nhiều hơn trong bóng tối, nhưng vẫn nét hơn, mặc dù chỉ đôi chút so với cảm biến 10 - 12MP thông thường.</p><p><b><i>Ống kính cũng đóng vai rất trò lớn trong quá trình chụp</i></b></p><p>Chất lượng hình ảnh không chỉ được quyết định bởi cảm biến, mà còn nằm ở khả năng thu nhận ánh sáng của ống kính phía trước. Máy ảnh chuyên nghiệp thường có khả năng thay đổi ống kính. Có các ống kính đắt tiền bằng cả một smartphone, hoặc có nhiều chiếc còn có giá bằng cả chiếc xe ô tô!</p><p>Các ống kính này gồm có các thành phần kính chất lượng cao, được mài dũa chính xác và phủ các lớp tráng đắt tiền, có vỏ ngoài chống chịu thời tiết tốt và các motor phức tạp. Ngược lại, smartphone có ống kính có nhiều thành phần được làm bằng nhựa, vì làm các thành phần ống kính...bằng kính ở kích thước nhỏ thường rất khó làm, hoặc có chi phí cao.</p><div class=\"VCSortableInPreviewMode active\" type=\"Photo\" style=\"\"><div><img src=\"http://genknews.genkcdn.vn/thumb_w/660/2019/5/2/camera-5412131920-15568128659031292036552.jpg\" id=\"img_84e629c0-6cf3-11e9-a569-c5139f5a8089\" w=\"1920\" h=\"1280\" alt=\"Tại sao smartphone hiện nay có số chấm cao hơn cả máy ảnh chuyên nghiệp với giá bán còn rẻ hơn? - Ảnh 5.\" title=\"Tại sao smartphone hiện nay có số chấm cao hơn cả máy ảnh chuyên nghiệp với giá bán còn rẻ hơn? - Ảnh 5.\" rel=\"lightbox\" photoid=\"84e629c0-6cf3-11e9-a569-c5139f5a8089\" type=\"photo\" style=\"max-width:100%;\" data-original=\"http://genknews.genkcdn.vn/2019/5/2/camera-5412131920-15568128659031292036552.jpg\" width=\"\" height=\"\"></div><div class=\"PhotoCMS_Caption\"><p data-placeholder=\"[nhập chú thích]\" class=\"\">Máy ảnh chuyên nghiệp có khả năng thay đổi ống kính chất lượng cao</p></div></div><p>Kể cả với ống kính chất lượng cao, máy ảnh chuyên nghiệp với cảm biến lớn cũng khó có thể đạt được độ nét, độ phân giải mà hãng công bố. Không có bất cứ ống kính nào là hoàn hảo, luôn luôn có những sự sai số nhất định ảnh hưởng tới chất lượng ảnh cuối cùng. Điều này càng đúng hơn khi nói về ống kính nhựa và cảm biến nhỏ trên smartphone, không có sản phẩm nào đạt được độ phân giải 40 hay 48MP \'thật\' cả.</p><p>Đây cũng là lý do tại sao có những dòng máy ảnh Point &amp; Shoot qua từng đời máy không hề tăng độ phân giải, mà chỉ sử dụng các cảm biến lớn, thay thiết kế ống kính nhưng vẫn cho ảnh chất lượng cao hơn một cách đáng kể.</p><p style=\"text-align: right;\"><i>Tham khảo: Dave Haynie - nhiếp ảnh gia chuyên nghiệp</i></p>', '/img/bg-img/53.jpg', 3, 2, '2019-06-22 00:47:38', 'Đã duyệt', '2019-06-22 00:47:38', '<p class=\"mb-2\">Các dự án chống ngập cho sân bay Tân Sơn Nhất vẫn đang gặp nhiều vướng mắc trong khi TP.HCM đã bước vào mùa mưa, nhiều tuyến đường đã bị ngập.</p>\r\n', 47, NULL, '2019-06-16 15:39:08', 1);
INSERT INTO `post` VALUES (3, 'Ông Trump: \'Huawei nguy hiểm nhưng vẫn có thể thỏa thuận\'', '<p><br></p><div class=\"VCSortableInPreviewMode\" type=\"Photo\" style=\"\"><div><img src=\"https://nld.mediacdn.vn/thumb_w/540/2018/8/11/img0274-15339590239511200395996.jpg\" id=\"img_c16185d0-9d18-11e8-973d-a9e6b86727b7\" w=\"2000\" h=\"1333\" alt=\"Bắt giữ 2 vụ trộm cắp xe máy tại Huế - Ảnh 1.\" title=\"Bắt giữ 2 vụ trộm cắp xe máy tại Huế - Ảnh 1.\" rel=\"lightbox\" photoid=\"c16185d0-9d18-11e8-973d-a9e6b86727b7\" type=\"photo\" style=\"max-width:100%;\" data-original=\"https://nld.mediacdn.vn/2018/8/11/img0274-15339590239511200395996.jpg\" width=\"\" height=\"\"></div><div class=\"PhotoCMS_Caption\"><p data-placeholder=\"[nhập chú thích]\" class=\"\">Các đối tượng trộm cắp bị bắt giữ</p></div></div><p>Ngày 11-8, Công an huyện Phú Lộc &nbsp;cho biết vụ trộm thứ nhất xảy ra khoảng 20 giờ ngày 9-8, đối tượng Nguyễn Văn Tài (SN 1998, trú tại phường Thủy Châu, thị xã Hương Thủy) ngồi nhậu trước cửa tiệm sửa xe của anh Nguyễn T., ở xã Lộc Bổn, huyện Phú Lộc. Thấy anh T. ngủ say, Tài lén lút lấy chìa khóa mở khóa xe máy dắt ra khỏi tiệm, đồng thời lấy thêm một điện thoại di động của anh T. rồi tẩu thoát. Đến 21 giờ cùng ngày, Tài thuê phòng nghỉ và ăn uống tại một nhà nghỉ ở phường Trường An, do không có tiền chi trả, Tài đã cầm cố xe máy vừa trộm cắp được cho chủ nhà nghỉ. Chiếc điện thoại Tài đem bán với giá 50.000 đồng.  </p><div class=\"VCSortableInPreviewMode\" type=\"Photo\" style=\"\"><div><img src=\"https://nld.mediacdn.vn/thumb_w/540/2018/8/11/img0276-15339590449041812204949.jpg\" id=\"img_ce8f16a0-9d18-11e8-808f-43e8b49a8509\" w=\"2000\" h=\"1333\" alt=\"Bắt giữ 2 vụ trộm cắp xe máy tại Huế - Ảnh 2.\" title=\"Bắt giữ 2 vụ trộm cắp xe máy tại Huế - Ảnh 2.\" rel=\"lightbox\" photoid=\"ce8f16a0-9d18-11e8-808f-43e8b49a8509\" type=\"photo\" style=\"max-width:100%;\" data-original=\"https://nld.mediacdn.vn/2018/8/11/img0276-15339590449041812204949.jpg\" width=\"\" height=\"\"></div><div class=\"PhotoCMS_Caption\"><p data-placeholder=\"[nhập chú thích]\" class=\"\">Các đối tượng trộm cắp bị bắt giữ và tang vật tại cơ quan điều tra</p></div></div><p>Trước đó, do cần tiền tiêu xài, nên đối tượng Trần Nhạc (SN 1996, trú tại 506 Chi Lăng, phường Phú Hậu, TP Huế) rủ Nguyễn Văn Hồng (SN 1995, TP Huế) đi trộm cắp tài sản. Khi đến trước nhà ông Huỳnh Hữu T., thuộc xã Lộc Hòa, huyện Phú Lộc, phát hiện xe máy ở bên đường, Hồng sử dụng tuốt nơ vít phá khóa, rồi dắt xe tẩu thoát. Trộm được xe máy, Hồng và Nhạc đem bán với giá 3 triệu đồng rồi chia nhau tiêu xài.  </p><p>Ngay sau khi nhận được tin báo, lực lực lượng Công an huyện Phú Lộc nhanh chóng tiến hành điều tra, bắt giữ các đối tượng.</p>', '/img/bg-img/100.jpg', 3, 2, '2019-06-22 00:47:40', 'Đã duyệt', '2019-06-22 00:47:40', '<p class=\"mb-2\">Trong tuần qua, Huawei đã liên tiếp nhận tin dữ từ Mỹ. Sau khi Tổng thống Donald Trump ký sắc lệnh đặc biệt đưa Huawei vào danh sách đen, một loạt đối tác đã ngừng hợp tác với hãng viễn thông Trung Quốc.</p>\r\n', 19, '', '2019-06-21 15:40:15', 0);
INSERT INTO `post` VALUES (4, 'CÔNG NGHỆ\r\n\r\nBỏ Việt Nam, đối tác Apple chọn lắp ráp iPad, MacBook ở Indonesia', '<p>Trang <em>VentureBeat </em>đưa tin Pegatron, đối tác lắp ráp các sản phẩm iPad, MacBook của <a href=\"https://news.zing.vn/tieu-diem/cong-ty-apple.html\" title=\"Tin tức Apple\" class=\"topic company autolink\" topic-id=\"3474\">Apple</a> đang có kế hoạch di chuyển nhà<strong> </strong>máy  sang Indonesia nhằm hạn chế sự ảnh hưởng do căng thẳng thương mại Mỹ - Trung.</p>\r\n<p>Theo đó, Abidin Hasibuan, CEO của  PT Sat Nusapersada, một đơn vị lắp ráp ở địa phương, đã thuyết phục Pegatron di chuyển nhà máy về Indonesia. Ông nhận định năng lực sản xuất tại đây vượt trội hơn so với Trung Quốc. </p>\r\n<table class=\"picture\" align=\"center\">\r\n    <tbody>\r\n        <tr>\r\n            <td class=\"pic\"><img   alt=\"Bo Viet Nam, doi tac Apple chon lap rap iPad, MacBook o Indonesia hinh anh 1 \" src=\"https://znews-photo.zadn.vn/w660/Uploaded/fsmyy/2019_05_24/foxconniphone_production.jpg\" width=\"1600\" height=\"1000\" /></td>\r\n        </tr>\r\n        <tr>\r\n            <td class=\"pCaption caption\">Hình ảnh nhân viên làm việc trong nhà máy lắp ráp iPhone. Ảnh: <em>9to5mac</em>.</td>\r\n        </tr>\r\n    </tbody>\r\n</table>\r\n<p>Hiện tại, Pegatron đã đầu tư số tiền <abbr class=\"rate-usd\">300 triệu USD</abbr> để tân trang các nhà máy tại Indonesia nhằm đáp ứng tiêu chuẩn lắp ráp. <strong> </strong>Nhà máy này có thể hoạt động ngay tháng 6 nếu đáp ứng đủ yêu cầu từ Apple.</p>\r\n<p>Hiện nay, hầu hết iPhone, iPad được lắp ráp bởi hai công ty Pegatron hoặc Foxconn tại các nhà máy đặt ở Thâm Quyến và Thượng Hải, Trung Quốc. Đầu tháng 12/2018, trang <em>9to5mac</em> đưa tin một số đối tác gia công sản phẩm  của Apple đang xem xét xây dựng nhà máy tại Việt Nam nhằm tránh thuế nhập khẩu tăng cao.</p>\r\n<p>Trước đó, Tổng thống Mỹ Donald Trump&nbsp;phát biểu với <em>Wall Street Journal</em> rằng sẽ áp dụng mức thuế mới lên tất cả mặt hàng nhập khẩu từ Trung Quốc, trong đó có iPhone, iPad và MacBook của Apple. Điều này sẽ khiến cho giá bán lẻ của mỗi sản phẩm tăng lên từ 10%. Nguồn tin từ <em>Bloomberg</em> tiết lộ, trong trường hợp căng thẳng leo thang, mức thuế này có thể sẽ tăng lên thành 25%<strong>,  </strong>khiến&nbsp;chi phí sản xuất tăng cao.</p>\r\n<p>Việc xây dựng nhà máy lắp ráp thiết bị tại Indonesia sẽ giúp Pegatron tránh được thuế nhập khẩu. Đồng thời, tập đoàn này cũng có thể giữ chân Apple không quay sang các đơn vị sản xuất khác để giảm chi phí.</p>\r', '/img/bg-img/101.jpg', 3, 6, '2019-06-22 00:47:41', 'Đã duyệt', '2019-06-22 00:47:41', '<p class=\"mb-2\">Thay vì chọn Việt Nam như những thông tin rò rỉ trước đây, Pegatron đã đầu tư 300 triệu USD vào các nhà máy tại Indonesia để lắp ráp sản phẩm cho Apple.</p>\r\n', 40, NULL, '2019-04-20 15:39:15', 0);
INSERT INTO `post` VALUES (5, 'Không phải Huawei, Google mới là \'gián điệp\' và nghe lời chính phủ', '<p>Ngày 19/4, thông tin <a href=\"https://news.zing.vn/tieu-diem/google.html\" title=\"Tin tức Google\" class=\"topic company autolink\" topic-id=\"3784\">Google</a> đình chỉ các hoạt động kinh doanh với <a href=\"https://news.zing.vn/tieu-diem/huawei.html\" title=\"Tin tức Huawei\" class=\"topic company autolink\" topic-id=\"4513\">Huawei</a>, bao gồm chuyển giao phần cứng, phần mềm và dịch vụ kỹ thuật đã khiến cả thế giới rúng động.</p>\r\n<p>Như vậy, Google sẽ ngừng cung cấp các bản cập nhật Android, chấm dứt cấp phép truy cập vào các dịch vụ cốt lõi như Google Play Store, Gmail, <a href=\"https://news.zing.vn/tieu-diem/youtube.html\" title=\"Tin tức YouTube\" class=\"topic company autolink\" topic-id=\"3825\">YouTube</a> cho thiết bị của hãng công nghệ Trung Quốc trong tương lai. Huawei sẽ chỉ có thể sử dụng phiên bản mã nguồn mở (miễn phí) của Android.</p>\r\n<table class=\"picture\" align=\"center\">\r\n    <tbody>\r\n        <tr>\r\n            <td class=\"pic\"><img   alt=\"Khong phai Huawei, Google moi la \'gian diep\' va nghe loi chinh phu hinh anh 1 \" src=\"https://znews-photo.zadn.vn/w660/Uploaded/fcivbqmv/2019_05_23/66a10dfc591cbc42e50d.jpg\" width=\"2560\" height=\"1920\" /></td>\r\n        </tr>\r\n        <tr>\r\n            <td class=\"pCaption caption\">Nhiều bài đăng trên trang Facebook của Google bị người dùng \"thả phẫn nộ\".</td>\r\n        </tr>\r\n    </tbody>\r\n</table>\r\n<p>Đáp lại thông tin này, không ít người dùng tỏ ra ủng hộ Huawei và xem Google như một kẻ phá vỡ các nguyên tắc thị trường, kêu gọi tẩy chay ông lớn tìm kiếm từ Mỹ.</p>\r\n<p>Những bài đăng gần đây trên trang Facebook của Google liên tục nhận tương tác phẫn nộ và bình luận chỉ trích từ người dùng toàn cầu. Trong bài đăng ngày 18/5, Google \"nhận được\" 389 lượt phẫn nộ trên tổng số 1.100 tương tác.</p>\r\n<p dir=\"ltr\">“Tôi dùng Huawei nhiều năm và chẳng ai theo dõi tôi. Đáng chú ý có một công ty lắng nghe mọi cuộc hội thoại của tôi, đó là Google. Vì vậy hãy ngừng làm theo những gì ông Trump yêu cầu và bắt đầu lắng nghe mọi người trên thế giới nói gì đi Google”, tài khoản Facebook Ana Alejandra Delgadillo cho rằng Huawei không thu thập bất kỳ dữ liệu nào của cô mà chỉ có Google làm việc đó.</p>\r\n<table class=\"picture\" align=\"center\">\r\n    <tbody>\r\n        <tr>\r\n            <td class=\"pic\"><img   alt=\"Khong phai Huawei, Google moi la \'gian diep\' va nghe loi chinh phu hinh anh 2 \" src=\"https://znews-photo.zadn.vn/w660/Uploaded/fcivbqmv/2019_05_23/Screenshot_729.jpg\" width=\"913\" height=\"599\" /></td>\r\n        </tr>\r\n        <tr>\r\n            <td class=\"pCaption caption\">Nhiều ý kiến cho rằng người dùng bên ngoài Mỹ và Trung Quốc không đáng để chịu ảnh hưởng.</td>\r\n        </tr>\r\n    </tbody>\r\n</table>\r\n<p dir=\"ltr\">Không ít bình luận kêu gọi tẩy chay Google sau vụ Huawei. “Tôi sẽ xóa tất cả tài khoản liên quan đến Google và khuyên những người khác làm như vậy. Google thu thập thông tin về bạn để hiện quảng cáo. Google mới là một công ty gián điệp”, tài khoản Facebook Carl Servin bình luận.</p>\r\n<p>Nhiều bình luận cho rằng Huawei chưa kịp làm gián điệp cho Trung Quốc thì Google đã làm vũ khí chiến tranh cho Mỹ. “Google vừa cho chúng ta thấy  công ty của họ không tự chủ, bị kiểm soát và nhận lệnh từ chính phủ Mỹ. Bên cạnh đó, không có bằng chứng cho thấy Huawei làm gián điệp cho Trung Quốc ngoại trừ những lời Mỹ nói”, tài khoản Facebook Anna Xie bình luận.</p>\r\n<p>“Hãy ngừng sử dụng Google Android. Hôm nay họ rút giấy phép Huawei, ngày mai họ cũng có thể rút giấy phép của bất kỳ ai”, người dùng Facebook Maggie Chu lo ngại đây có thể tạo tiền lệ xấu cho tất cả công ty lệ thuộc vào hệ sinh thái Google.</p>\r\n<p dir=\"ltr\">Một số ý kiến khác cho rằng đây là mâu thuẫn giữa Mỹ và Trung Quốc. Vì vậy người dùng toàn cầu cần được tôn trọng. \"Tại sao không dừng hợp tác với Huawei trong lãnh thổ Mỹ thôi. Lúc đó sẽ chẳng ai quan tâm cả. Tôi vừa mua điện thoại Huawei tháng trước tại châu Âu. Bây giờ tôi không được hưởng các bản cập nhật Android. Thật vô lý. Thế giới này không chỉ có mỗi Mỹ”, Zoltan Szeles, người dùng Huawei từ Hungary bức xúc trên fanpage Google.</p>\r\n<p dir=\"ltr\">Không ít ý kiến đề xuất Google chỉ nên giải quyết vụ việc trong khuôn khổ Mỹ- Trung, đừng gây ảnh hưởng đến thế giới. \"Có rất nhiều người trên thế giới dùng sản phẩm Huawei. Nếu muốn, Mỹ chỉ nên gây ảnh hưởng với các sản phẩm trong nước chứ đừng áp lên các quốc gia khác. Google nên cân nhắc chỉ áp dụng tại thị trường Mỹ\", Dieo Salazar, một người dùng Twitter bình luận trên bài viết của Google.</p>\r\n<table class=\"picture screenshot\" align=\"center\">\r\n    <tbody>\r\n        <tr>\r\n            <td class=\"pic\"><img   alt=\"Khong phai Huawei, Google moi la \'gian diep\' va nghe loi chinh phu hinh anh 3 \" src=\"https://znews-photo.zadn.vn/w660/Uploaded/fcivbqmv/2019_05_23/Screenshot_733_1.jpg\" width=\"979\" height=\"703\" /></td>\r\n        </tr>\r\n        <tr>\r\n            <td class=\"pCaption caption\">&nbsp;Tài khoản Carl Servin cho rằng Google mới là công ty theo dõi nhiều hơn cả Huawei.&nbsp;</td>\r\n        </tr>\r\n    </tbody>\r\n</table>\r\n<p>Ngoài ra, một vài người cho rằng trong tình thế này, Google không có sự lựa chọn nào khác. “Tôi không hiểu vì sao mọi người chỉ trích Google. Họ không phải là cơ quan quản lý nhà nước. Họ bị hạn chế bởi pháp luật và họ không thể làm gì hơn”, tài khoản Facebook Syed Ammar Tahir viết.</p>\r\n<p dir=\"ltr\">Thị trường quốc tế rất quan trọng với Huawei. Theo số liệu của <em>Canalys</em>, 49% doanh số Huawei đến từ thị trường nước ngoài. Tính theo thị phần toàn cầu, Huawei đang là nhà sản xuất điện thoại thông minh lớn thứ hai thế giới, chỉ sau Samsung.</p>\r\n<p dir=\"ltr\">Ngược lại, với gần 100 triệu thiết bị bán ra bên ngoài Trung Quốc trong năm 2018, Huawei là nền tảng giúp Google mang các dịch vụ web đến tay người dùng. Mỗi công ty đều chịu một phần thiệt hại riêng khi mối quan hệ hợp tác này đỗ vỡ.</p>\r', '/img/bg-img/102.png', 3, 6, '2019-06-22 00:47:43', 'Chưa duyệt', '2019-06-22 00:47:43', '<p class=\"mb-2\">Đó là một trong những bình luận trên fanpage của Google những ngày qua. Không ít người đã lên án Google vì theo lệnh ông Trump và luôn tìm cách thu thập thông tin cá nhân.</p>\r\n', 58, NULL, '2019-06-16 15:39:18', 1);
INSERT INTO `post` VALUES (6, 'Vivo sắp ra mắt smartphone pin 5.000 mAh, tầm giá 5 triệu đồng', '<p>Theo một nguồn tin, Vivo Y15 sẽ có mức pin 5.000 mAh. Như vậy, Y15 có thể thoải mái đáp ứng mọi nhu cầu chụp ảnh, xem phim, livestream và chơi game của người dùng trong khoảng 2 ngày mà không cần quá quan tâm đến vấn đề cắm sạc. </p>\r\n<table class=\"picture\" align=\"center\">\r\n    <tbody>\r\n        <tr>\r\n            <td class=\"pic\"><img   alt=\"Vivo sap ra mat smartphone pin 5.000 mAh, tam gia 5 trieu dong hinh anh 1 \" src=\"https://znews-photo.zadn.vn/w660/Uploaded/wyhktpu/2019_05_23/image001.jpg\" width=\"1845\" height=\"1664\" /></td>\r\n        </tr>\r\n        <tr>\r\n            <td class=\"pCaption caption\">Vivo Y15 sẽ có hai màu xanh biển và đỏ mận.</td>\r\n        </tr>\r\n    </tbody>\r\n</table>\r\n<p>Trước những lo ngại về vấn đề chai pin hay phát nhiệt khi vừa cắm sạc vừa dùng điện thoại, mẫu Y15 được Vivo kỳ vọng giải quyết những vấn đề này của người dùng. </p>\r\n<p>Model này nhắm vào phân khúc phổ thông - phân khúc chưa có nhiều sự lựa chọn ấn tượng. Dù vậy, máy vẫn sở hữu những cấu hình sáng giá: bộ 3 camera sau cho góc chụp rộng; camera selfie “giọt nước” thời thượng; chíp MediaTek Helio P20 có hỗ trợ Dual Turbo cho trải nghiệm chơi game mượt mà. </p>\r\n<table class=\"picture\" align=\"center\">\r\n    <tbody>\r\n        <tr>\r\n            <td class=\"pic\"><img   alt=\"Vivo sap ra mat smartphone pin 5.000 mAh, tam gia 5 trieu dong hinh anh 2 \" src=\"https://znews-photo.zadn.vn/w660/Uploaded/wyhktpu/2019_05_23/image003.jpg\" width=\"1857\" height=\"1820\" /></td>\r\n        </tr>\r\n        <tr>\r\n            <td class=\"pCaption caption\">Bộ 3 camera sau thời thượng khiến Vivo Y15 có vẻ ngoài thời trang và khả năng chụp xoá phông khá ổn.</td>\r\n        </tr>\r\n    </tbody>\r\n</table>\r\n<p>Một nguồn tin cho biết Y15 còn tích hợp tính năng chuyên chơi game như: đếm ngược để người dùng không bỏ lỡ thời gian bắt đầu chơi; trung tâm đào tạo âm thanh nhằm tối ưu hoá “tiếng bước chân, tiếng súng\", từ đó nâng “trình” chơi của người dùng. </p>\r\n<table class=\"picture\" align=\"center\">\r\n    <tbody>\r\n        <tr>\r\n            <td class=\"pic\"><img   alt=\"Vivo sap ra mat smartphone pin 5.000 mAh, tam gia 5 trieu dong hinh anh 3 \" src=\"https://znews-photo.zadn.vn/w660/Uploaded/wyhktpu/2019_05_23/image005.jpg\" width=\"1402\" height=\"1078\" /></td>\r\n        </tr>\r\n        <tr>\r\n            <td class=\"pCaption caption\">Mức pin 5.000 mAh cho phép Vivo Y15 trụ được hai ngày mà không cần cắm sạc.</td>\r\n        </tr>\r\n    </tbody>\r\n</table>\r\n<p>Với mức giá và cấu hình này, Vivo Y15 hứa hẹn là sự lựa chọn lý tưởng cho các bạn sinh viên và những người mới đi làm 1-2 năm, cần một chiếc smartphone ấn tượng với chi phí hợp lý.</p>\r\n<p> Vivo Y15 có mức giá dự kiến 5,2 triệu đồng. Ra mắt vào đầu hè, Vivo chắc chắn sẽ có chương trình giảm giá chớp nhoáng để đẩy mạnh Y15 đến đối tượng mục tiêu.</p>', '/img/bg-img/103.jpg', 3, 6, '2019-06-22 00:47:46', 'Đã duyệt', '2019-06-22 00:47:46', '<p class=\"mb-2\">Dự kiến ra mắt cuối tháng 5, Vivo Y15 khiến nhiều người dùng xôn xao với mức pin 5.000 mAh. Mẫu smartphone này còn được tích hợp các tính năng độc quyền khi chơi PUBG.</p>\r\n\r\n', 33, NULL, '2019-06-20 15:36:00', 0);
INSERT INTO `post` VALUES (7, 'Hà Nội tăng tần suất buýt nhanh BRT trong giờ cao điểm', '<p>Trao đổi với <em>Zing.vn</em>, ông Nguyễn Thủy, Giám đốc Xí nghiệp Xe buýt nhanh BRT cho biết công ty vừa thực hiện phương án tăng tần suất  tuyến buýt nhanh BRT số 01 vào giờ cao điểm theo chỉ đạo của Sở Giao thông Vận tải thành phố.</p>\r\n<table class=\"picture\" align=\"center\">\r\n    <tbody>\r\n        <tr>\r\n            <td class=\"pic\"><img   alt=\"Ha Noi tang tan suat buyt nhanh BRT trong gio cao diem hinh anh 1 \" src=\"https://znews-photo.zadn.vn/w660/Uploaded/lexw/2019_05_23/BRT_2_zing.jpg\" width=\"1920\" height=\"1098\" /></td>\r\n        </tr>\r\n        <tr>\r\n            <td class=\"pCaption caption\">Tuyến buýt nhanh BRT thường trong trạng thái quá tải giờ cao điểm. Ảnh:&nbsp;<em>Quỳnh Trang.</em></td>\r\n        </tr>\r\n    </tbody>\r\n</table>\r\n<p>Theo ông Thủy, việc tăng tần suất tuyến buýt BRT nhằm đáp ứng nhu cầu tăng cao của người dân, đặc biệt là trong giờ cao điểm, có những ngày lên đến 120 hành khách/lượt. </p>\r\n<p>Từ đó, Sở Giao thông - Vận tải <a href=\"https://news.zing.vn/tieu-diem/ha-noi.html\" title=\"Tin tức Hà Nội\" class=\"topic location autolink\" topic-id=\"2208\">Hà Nội</a> đã quyết định phê duyệt phương án tăng tần suất của tuyến xe buýt nhanh BRT 01 Yên Nghĩa - Kim Mã. Vào các ngày từ thứ 2 đến thứ 7, số lượng chuyến được tăng thêm 20 lượt xe/ngày lên mức 378 lượt xe/ngày, ngày chủ nhật vẫn giữ nguyên 264 lượt/ngày. Khung giờ cao điểm sáng tăng 8 lượt và khung giờ cao điểm chiều tăng 12 lượt.</p>\r\n<p>Cùng với việc điều chỉnh các chỉ tiêu vận hành của tuyến buýt BRT 01, Tổng công ty Transerco cũng yêu cầu các đơn vị trực thuộc chuẩn bị đầy đủ  điều kiện cần thiết về nhân lực, phương tiện, tiêu chuẩn kỹ thuật để bảo đảm quá trình vận hành được thông suốt và an toàn.</p>\r\n<p>Tuyến buýt nhanh BRT 01 Kim Mã - Yên Nghĩa&nbsp;có chiều dài&nbsp;gần 15 km, bắt đầu vận hành từ ngày 31/12/2016 với tổng mức đầu tư <abbr class=\"rate-usd\">53,6 triệu USD</abbr>.</p>\r\n<p>Theo thống kê của Xí nghiệp buýt nhanh BRT Hà Nội,&nbsp;tuyến buýt&nbsp;này&nbsp;gồm 35 xe đang vận hành thay phiên, sức chứa tối đa 90 hành khách/chuyến. Tổng hành khách vận chuyển năm 2018 đạt 5,3 triệu lượt và  bình quân 42,6 khách/lượt.</p>\r', '/img/bg-img/104.jpg', 5, 2, '2019-06-22 00:48:00', 'Từ chối', '2019-06-22 00:48:00', '<p class=\"mb-2\">Giám đốc Tổng công ty Vận tải Hà Nội cho biết vừa thực hiện phương án tăng tần suất trong khung giờ cao điểm tuyến buýt nhanh BRT 01 Bến xe Yên Nghĩa - Kim Mã.</p>\r\n', 0, 'Bài viết chưa đúng thực tế', '2019-06-20 15:36:03', 0);
INSERT INTO `post` VALUES (8, 'Thanh tra 2 lô \'đất vàng\' giao cho vợ nguyên Bí thư Quảng Nam', '<p>Ngày 22/5, ông Đinh Văn Thu, Chủ tịch UBND tỉnh <a href=\"https://news.zing.vn/tieu-diem/quang-nam.html\" title=\"Tin tức Quảng Nam\" class=\"topic location autolink\" topic-id=\"2230\">Quảng Nam</a>, cho biết ông đã ký quyết định thanh tra việc chấp hành pháp luật trong quá trình thực hiện giao đất có thu tiền sử dụng đất đối với lô A51-52, tại khu phố mới Tân Thạnh (TP Tam Kỳ) cho Công ty TNHH MTV đầu tư và phát triển Kỳ Hà - Chu Lai Quảng Nam.</p>\r\n<p>Đoàn Thanh tra gồm 6 thành viên, do ông Trần Minh Thái, Chánh Thanh tra tỉnh Quảng Nam, làm trưởng đoàn. Trong thời gian 20 ngày làm việc, đoàn thanh tra có nhiệm vụ thanh tra việc chấp hành pháp luật để làm rõ trách nhiệm tập thể, cá nhân có liên quan trong quá trình thực hiện giao đất có thu tiền sử dụng đất đối với lô A51 và A52.</p>\r\n<table class=\"picture\" align=\"center\">\r\n    <tbody>\r\n        <tr>\r\n            <td class=\"pic\"><img   alt=\"Thanh tra 2 lo \'dat vang\' giao cho vo nguyen Bi thu Quang Nam hinh anh 1 \" src=\"https://znews-photo.zadn.vn/w660/Uploaded/lce_mdlwc/2019_05_22/_zing.jpg\" /></td>\r\n        </tr>\r\n        <tr>\r\n            <td class=\"caption\">UBND tỉnh Quảng Nam đề nghị báo chí không thông tin sâu về lô đất được cấp sai quy định cho bà Nguyễn Thị Ánh. Ảnh: <em>Thanh Đức.</em></td>\r\n        </tr>\r\n    </tbody>\r\n</table>\r\n<p>Ông Thu giao đoàn thanh tra xây dựng kế hoạch thanh tra trình Chủ tịch UBND tỉnh phê duyệt và tổ chức thực hiện. Trưởng đoàn Thanh tra có trách nhiệm xây dựng đề cương yêu cầu đối tượng thanh tra báo cáo, báo cáo kết quả thanh tra và dự thảo kết luận thanh tra&nbsp;trình Chủ tịch UBND tỉnh xử lý theo thẩm quyền.</p>\r\n<p>Tối qua, trong thông cáo báo chí gửi đến <em>Zing.vn</em>, lãnh đạo UBND tỉnh Quảng Nam cho biết Kiểm toán Nhà nước (KTNN) đã có kết luận về 2 lô đất A51 và A52 có diện tích 1.261 m2 được Công ty CP đầu tư và phát triển Kỳ Hà Chu - Lai Quảng Nam bán lại cho bà Nguyễn Thị Ánh (vợ của nguyên Bí thư Tỉnh ủy Quảng Nam Vũ Ngọc Hoàng) là sai quy định.&nbsp;</p>\r\n<p>Sai phạm liên quan đến 2 lô đất của vợ nguyên Bí thư Tỉnh ủy Quảng Nam Vũ Ngọc Hoàng được KTNN khu vực III nêu rõ trong báo cáo kết quả kiểm toán về quản lý, sử dụng đất đai của doanh nghiệp Nhà nước sau cổ phần hóa tại Quảng Nam giai đoạn 2011-2017.</p>\r\n<p>KTNN nhận định&nbsp;việc UBND tỉnh Quảng Nam cho phép Công ty Cổ phần đầu tư và phát triển Kỳ Hà - Chu Lai Quảng Nam (gọi tắt là Công ty Kỳ Hà - Chu Lai) chuyển nhượng 2 thửa đất có diện tích 1.261 m2 tại khu phố mới Tân Thạnh cho bà Nguyễn Thị Ánh là trái Luật Đất đai.</p>\r\n<p>Trước khi vi phạm trên xảy ra, UBND TP Tam Kỳ đã giao cho Công ty Kỳ Hà - Chu Lai không thông qua đấu giá, không ban hành quyết định giao đất mà giao đất bằng các thông báo, không đúng quy định của Bộ Tài nguyên - Môi trường. </p>\r\n<p>Sau đó, UBND TP Tam Kỳ cấp giấy chứng nhận quyền sử dụng đất cho bà Nguyễn Thị Ánh khi Công ty Kỳ Hà - Chu Lai Quảng Nam chưa được cấp giấy chứng nhận quyền sử dụng đất, chưa đủ điều kiện chuyển nhượng theo quy định tại Luật Đất đai 2013.</p>\r', '/img/bg-img/105.jpg', 5, 12, '2019-06-22 00:48:02', 'Đã duyệt', '2019-06-22 00:48:02', '<p class=\"mb-2\">Trong 20 ngày, đoàn thanh tra làm rõ trách nhiệm tập thể, cá nhân có liên quan trong quá trình thực hiện giao đất cho bà Nguyễn Thị Ánh, vợ của nguyên Bí thư Tỉnh ủy Quảng Nam.</p>\r\n', 24, NULL, '2019-06-11 15:36:06', 0);
INSERT INTO `post` VALUES (9, 'Thu hồi ‘đất vàng’ ở trung tâm Sài Gòn để xây trường học', '<p>Thường trực UBND TP.HCM vừa có chỉ đạo liên quan đến việc điều chỉnh cục bộ đồ án quy hoạch phân khu tỷ lệ 1/2000 tại khu đất số 419 Lê Hồng Phong (phường 2, quận 10).</p>\r\n<p>Theo UBND TP.HCM, hiện quỹ đất dành cho giáo dục trên địa bàn quận 10 còn thiếu so với quy định và quy hoạch được duyệt. Đặc biệt, quỹ đất dành cho trường học còn thấp, không đáp ứng được nhu cầu phục vụ cho các học sinh trên địa bàn quận trong thời gian tới.</p>\r\n<table class=\"picture\" align=\"center\">\r\n    <tbody>\r\n        <tr>\r\n            <td class=\"pic\"><img   alt=\"Thu hoi &lsquo;dat vang&rsquo; o trung tam Sai Gon de xay truong hoc hinh anh 1 \" src=\"https://znews-photo.zadn.vn/w660/Uploaded/yejutm/2019_05_21/thanhbuoi_zing.jpg\" width=\"1997\" height=\"1228\" /></td>\r\n        </tr>\r\n        <tr>\r\n            <td class=\"pCaption caption\">Nhà xe Thành Bưởi thuê lại một phần khu đất để làm điểm trung chuyển hàng hóa. <em>Ảnh: S.Đ.</em></td>\r\n        </tr>\r\n    </tbody>\r\n</table>\r\n<p>Trong khi đó, khu đất số 419 Lê Hồng Phong đến cuối năm 2020 là hết thời hạn thuê đất. Do vậy, UBND TP.HCM đồng ý chủ trương sau khi hết hợp đồng thuê đất, khu đất sẽ bị thu hồi và bàn giao toàn bộ diện tích cho UBND quận 10 xây dựng trường trung học cơ sở đạt chuẩn. </p>\r\n<p>UBND quận 10 mời đơn vị thuê sử dụng khu đất trên lên làm việc, để thông báo cho đơn vị này biết được chủ trương của thành phố.</p>\r\n<p>Bên cạnh đó, UBND quận 10 phối hợp với các Sở Quy hoạch - Kiến trúc, Sở Tài nguyên - Môi trường, Sở Giáo dục - Đào tạo và các đơn vị liên quan lập điều chỉnh cục bộ và phê duyệt đồ án trên để làm cơ sở xây dựng trường học.</p>\r\n<table class=\"picture\" align=\"center\">\r\n    <tbody>\r\n        <tr>\r\n            <td class=\"pic\"><img   alt=\"Thu hoi &lsquo;dat vang&rsquo; o trung tam Sai Gon de xay truong hoc hinh anh 2 \" src=\"https://znews-photo.zadn.vn/w660/Uploaded/yejutm/2019_05_21/thanhbuoi2.jpg\" width=\"1910\" height=\"1332\" /></td>\r\n        </tr>\r\n        <tr>\r\n            <td class=\"pCaption caption\">Bên trong khu ký gửi hàng hóa của nhà xe Thành Bưởi. <em>Ảnh: S. Đ.</em></td>\r\n        </tr>\r\n    </tbody>\r\n</table>\r\n<p>Khu đất 419 Lê Hồng Phong rộng hơn 10.000 m2 được thành phố cho Công ty CP Giày Sài Gòn thuê đến năm 2020 để làm văn phòng, nhà xưởng, nhà kho,… Thế nhưng, khu đất không được sử dụng đúng mục đích mà bị “xẻ thịt” cho các đơn vị khác thuê lại.</p>\r\n<p>Ngoài việc cho Công ty CP Dược - Sâm Ngọc Linh Quảng Nam thuê làm kho chứa hàng, khoảng 2.000 m2 cũng được cho nhà xe Thành Bưởi thuê làm địa điểm kinh doanh, vận chuyển hành khách và hàng hóa.</p>\r\n<p>Sai phạm trong việc cho đơn vị khác thuê đất bị cơ quan chức năng phát hiện và xử phạt. Sau đó, Công ty CP Giày Sài Gòn đã chấm dứt hợp đồng cho thuê và ký lại hợp đồng hợp tác kinh doanh với nhà xe Thành Bưởi. Dù vậy, UBND quận 10 cho rằng hợp đồng mới về bản chất vẫn là hợp đồng cho thuê nhà xưởng và thu tiền hàng tháng.</p>\r', '/img/bg-img/106.jpg', 5, 12, '2019-06-22 00:48:03', 'Từ chối', '2019-06-22 00:48:03', '<p class=\"mb-2\">Chứng kiến cảnh đất vàng giữa trung tâm Sài Gòn bị cho thuê sai mục đích, UBND TP.HCM đã yêu cầu thu hồi lại để xây dựng trường học.</p>\r\n', 0, 'Bài viết quá ngắn gọn', '2019-06-07 15:36:11', 1);
INSERT INTO `post` VALUES (10, 'UBND TP.HCM \'siết\' việc chống ngập ở đường Nguyễn Hữu Cảnh', '<p>Ngày 20/5, Văn phòng UBND TP.HCM cho biết UBND TP vừa giao Sở Xây dựng tăng cường kiểm tra, giám sát công tác chống ngập trên đường Nguyễn Hữu Cảnh (quận Bình Thạnh) trong mùa mưa năm 2019; đánh giá hiệu quả hoạt động của máy bơm chống ngập trong từng cơn mưa; định kỳ hàng tháng báo cáo UBND TP.<strongr></strongr></p>\r\n<p>UBND TP cũng yêu cầu Công ty CP Tập đoàn công nghiệp Quang Trung cần vận hành máy bơm chống ngập đường Nguyễn Hữu Cảnh đạt hiệu quả cao nhất, đặc biệt trong những cơn mưa lớn, tuyệt đối không xảy ra tình trạng ngập ảnh hưởng đến sinh hoạt và giao thông của người dân tại khu vực. </p>\r\n<p>Thi công từ năm 1997 và khi đưa vào khai thác năm 2002, đường Nguyễn Hữu Cảnh được kỳ vọng giải quyết bài toán giao thông cho thành phố và góp phần chỉnh trang đô thị. Đây là tuyến đường huyết mạch, kết nối cửa ngõ phía đông với khu vực trung tâm TP, có tổng vốn đầu tư gần <abbr class=\"rate-vnd\">420 tỷ đồng</abbr>.</p>\r\n<table class=\"picture\" align=\"center\">\r\n    <tbody>\r\n        <tr>\r\n            <td class=\"pic\"><img   alt=\"UBND TP.HCM \'siet\' viec chong ngap o duong Nguyen Huu Canh hinh anh 1 \" src=\"https://znews-photo.zadn.vn/w660/Uploaded/lce_zdhvc/2019_05_20/duongnguyenhuucanh15583410957271153047301.jpg\" width=\"540\" height=\"405\" /></td>\r\n        </tr>\r\n        <tr>\r\n            <td class=\"pCaption caption\">\"Rốn ngập\" Nguyễn Hữu Cảnh.</td>\r\n        </tr>\r\n    </tbody>\r\n</table>\r\n<p>Tuy nhiên, sau khi được đưa vào khai thác, tuyến đường này bị lún và ngập nặng, trong đó hư hỏng nặng nhất là hạng mục cầu Văn Thánh 2. Để đảm bảo an toàn giao thông, tháng 10/2007, TP phải chi hơn <abbr class=\"rate-vnd\">141 tỷ đồng</abbr> để sửa chữa cây cầu Văn Thánh 2.</p>\r\n<p>Ngoài ra, trong quá trình thi công dự án hầm chui, đường Nguyễn Hữu Cảnh còn gây ra lún, nứt hàng loạt nhà dân ven đường, ngân sách Nhà nước phải bồi thường cho 57 hộ với khoảng <abbr class=\"rate-vnd\">4 tỷ đồng</abbr>.</p>\r\n<p>Ngay sau khi đưa vào sử dụng, tuyến đường này đã nhanh chóng lọt vào danh sách các điểm ngập nặng trên địa bàn TP - được gọi là \"rốn ngập\" hay \"con đường đau khổ\" từ nhiều năm nay. Nguyên nhân được cho là do hàng loạt dự án bất động sản với hàng chục nghìn căn hộ san sát gây sụt lún mặt đường.</p>\r\n<p>Để xử lý cấp bách tình trạng ngập, chính quyền TP.HCM đã chấp thuận cho Công ty CP Tập đoàn công nghiệp Quang Trung tự bỏ tiền đầu tư máy bơm công suất lên đến 97.000 m3 mỗi giờ, với cam kết \"không hết ngập không lấy tiền\".</p>\r\n<p>Vừa qua, UBND TP và Công ty CP Tập đoàn công nghiệp Quang Trung đã chốt giá thuê trọn gói máy bơm chống ngập trên đường Nguyễn Hữu Cảnh là <abbr class=\"rate-vnd\">14,2 tỷ đồng</abbr> mỗi năm.</p>\r', '/img/bg-img/107.jpg', 5, 2, '2019-06-22 00:48:06', 'Từ chối', '2019-06-22 00:48:06', '<p class=\"mb-2\">UBND TP.HCM yêu cầu Công ty CP Tập đoàn công nghiệp Quang Trung vận hành máy bơm chống ngập đường Nguyễn Hữu Cảnh đạt hiệu quả cao nhất, tuyệt đối không để xảy ra tình trạng ngập.</p>\r\n', 53, 'Bài viết gây ảnh hưởng đến văn hóa', '2019-06-02 15:36:14', 1);
INSERT INTO `post` VALUES (11, 'TP.HCM còn 3.767 hộ nghèo', '<p dir=\"ltr\">Ngày 22/5, UBND TP.HCM tổ chức buổi sơ kết 3 năm thực hiện chương trình giảm nghèo bền vững của thành phố (giai đoạn 2016-2018). Theo kết quả sơ kết, TP.HCM không còn hộ nghèo theo chuẩn nghèo quốc gia; tuy nhiên, vẫn còn&nbsp;3.767 hộ nghèo theo chuẩn thành phố.</p>\r\n<p dir=\"ltr\">Bà Võ Thị Dung, Phó bí thư Thành ủy TP.HCM, cho biết thành phố đã huy động tối đa các nguồn lực kinh tế từ các tầng lớp xã hội trên địa bàn, trong đó nguồn ngân sách của thành phố hàng năm luôn được ưu tiên dành cho công tác xóa đói giảm nghèo.</p>\r\n<table class=\"picture\" align=\"center\">\r\n    <tbody>\r\n        <tr>\r\n            <td class=\"pic\"><img   alt=\"TP.HCM con 3.767 ho ngheo hinh anh 1 \" src=\"https://znews-photo.zadn.vn/w660/Uploaded/ofh_cgmzstgk/2019_03_28/a2_zing_1_1.jpg\" width=\"2499\" height=\"1681\" /></td>\r\n        </tr>\r\n        <tr>\r\n            <td class=\"pCaption caption\">Lễ sơ kết 3 năm thực hiện chương trình giảm nghèo bền vững của thành phố (giai đoạn 2016-2018). Ảnh: <em>Quang Huy.</em></td>\r\n        </tr>\r\n    </tbody>\r\n</table>\r\n<p dir=\"ltr\">Bà Võ Thị Dung đánh giá phương pháp tiếp cận, đánh giá hộ nghèo hiện đã đa dạng hơn cách phân loại chỉ dựa vào thu nhập trước đây.</p>\r\n<p>Bên cạnh những kết quả khả quan đạt được, Phó bí thư Thành ủy nhận định công tác xóa đói giảm nghèo vẫn tồn tại nhiều hạn chế. Tại một số địa phương, người dân tiếp cận thông tin về chuẩn hộ nghèo, cận nghèo chưa đầy đủ.</p>\r\n<p>Do công tác tuyên truyền của thành phố chưa thường xuyên, nhiều cán bộ địa phương còn suy nghĩ đánh giá hộ nghèo theo tiêu chí thu nhập (theo chuẩn nghèo cũ) khiến các hoạt động của chính sách xóa đói giảm nghèo chưa đa chiều và gặp khó khăn.</p>\r\n<p>Bên cạnh đó,&nbsp;do thu nhập thấp, chính sách đãi ngộ còn hạn chế, những cán bộ làm công tác giảm nghèo tại các địa phương thường xuyên thay đổi, kinh nghiệm của cán bộ mới chưa đủ khiến chương trình giảm nghèo gặp nhiều trở ngại.</p>', '/img/bg-img/108.jpg', 5, 6, '2019-06-22 00:48:08', 'Đã duyệt', '2019-06-22 00:48:08', '<p class=\"mb-2\">Qua 3 năm thực hiện các chính sách tác động, hỗ trợ người dân, đến cuối năm 2018, TP.HCM còn 3.767 hộ nghèo, chiếm tỷ lệ 0,19% dân số thành phố.</p>\r\n', 99, NULL, '2019-06-08 15:36:21', 0);
INSERT INTO `post` VALUES (12, 'Thế giới Di động lãi đậm nhờ bán điều hòa đợt nóng đỉnh điểm tháng 4', '<p>Công ty Cổ phần Đầu tư <a href=\"https://news.zing.vn/tieu-diem/the-gioi-di-dong.html\" title=\"Tin tức Thế giới Di động\" class=\"topic company autolink\" topic-id=\"3877\">Thế giới Di động</a> vừa công bố tình hình kinh doanh trong tháng 4 và lũy kế 4 tháng từ đầu năm đến nay.</p>\r\n<p>Theo đó, trong 4 tháng, Thế giới Di động ghi nhận doanh tổng thu thuần hợp nhất toàn hệ thống đạt <abbr class=\"rate-vnd\">34.122 tỷ đồng</abbr>, qua đó thu về hơn <abbr class=\"rate-vnd\">1.424 tỷ đồng</abbr> lợi nhuận sau thuế.</p>\r\n<p>Nếu so với cùng kỳ năm trước, doanh thu tiêu thụ trong 4 tháng của chuỗi cửa hàng này đã tăng 15%, trong khi lợi nhuận sau thuế tăng tới 36%.</p>\r\n<table class=\"picture\" align=\"center\">\r\n    <tbody>\r\n        <tr>\r\n            <td class=\"pic\"><img   alt=\"The gioi Di dong lai dam nho ban dieu hoa dot nong dinh diem thang 4 hinh anh 1 \" src=\"https://znews-photo.zadn.vn/w660/Uploaded/aohunkx/2019_05_24/KET_QUA_KINH_DOANH_7_THANG_GAN_NHAT_CUA_TGDD_zing.jpg\" width=\"985\" height=\"762\" /></td>\r\n        </tr>\r\n        <tr>\r\n            <td class=\"pCaption caption\"></td>\r\n        </tr>\r\n    </tbody>\r\n</table>\r\n<p>Chỉ tính riêng tháng 4,  các chuỗi cửa hàng này của Thế giới Di động đã mang về <abbr class=\"rate-vnd\">9.105 tỷ đồng</abbr> doanh thu cùng <abbr class=\"rate-vnd\">383 tỷ đồng</abbr> lợi nhuận ròng.</p>\r\n<p>Tăng trưởng doanh thu  đạt được trong tháng 4 cũng là mức tăng trưởng cao thứ 2, chỉ sau tháng đầu năm là 31%. Trong khi lợi nhuận ròng thậm chí còn tăng tới 62% so với tháng 4/2018.</p>\r\n<p>Như vậy, toàn chuỗi cửa hàng của Thế giới Di động đã hoàn thành 31% kế hoạch doanh thu và 40% kế hoạch lợi nhuận sau thuế cả năm 2019.</p>\r\n<p>Ban lãnh đạo công ty cũng cho biết tất cả nhóm sản phẩm chính gồm điện thoại, điện tử, điện lạnh và gia dụng, đều ghi nhận tốc độ tăng trưởng từ đầu năm.</p>\r\n<p>Đặc biệt, trong bối cảnh đỉnh điểm mùa nắng nóng bắt đầu từ tháng 4, số lượng sản phẩm máy lạnh, quạt điều hoà mà Thế giới Di động bán ra đã tăng hơn 100% so với cùng kỳ năm trước.</p>\r\n<p>Chỉ trong tháng 4, các cửa hàng của công ty này đã bán tổng cộng gần 200.000 bộ máy lạnh, doanh số kỷ lục trong lịch sử kinh doanh của công ty. Chỉ riêng doanh số bán máy lạnh trong tháng vừa qua đã bằng một nửa tổng khối lượng bán ra của sản phẩm này trong cả năm 2018.</p>\r\n<p>Chính nhờ việc ghi nhận sản lượng tiêu thụ máy lạnh kỷ lục này đã giúp Thế giới Di động cải thiện biên lợi nhuận ròng.</p>\r\n<p>Cụ thể, biên lợi nhuận ròng lũy kế 4 tháng đầu năm của toàn chuỗi bán lẻ này đạt 4,2%, tăng mạnh so với 3,5% của cùng kỳ.</p>\r\n<table class=\"picture\" align=\"center\">\r\n    <tbody>\r\n        <tr>\r\n            <td class=\"pic\"><img   alt=\"The gioi Di dong lai dam nho ban dieu hoa dot nong dinh diem thang 4 hinh anh 2 \" src=\"https://znews-photo.zadn.vn/w660/Uploaded/aohunkx/2019_05_24/4_zi.jpg\" width=\"1440\" height=\"841\" /></td>\r\n        </tr>\r\n        <tr>\r\n            <td class=\"pCaption caption\">Đợt nắng nóng đỉnh điểm bắt đầu từ tháng 4 mang lại cơ hội kinh doanh tuyệt vời cho Thế giới Di động. <em>Ảnh: Việt Linh.</em></td>\r\n        </tr>\r\n    </tbody>\r\n</table>\r\n<p>Tính đến cuối tháng 4, Thế giới Di động đang vận hành và quản lý tổng cộng 2.324 cửa hàng, tăng thêm 58 cửa hàng so với cuối tháng 3.</p>\r\n<p>Đáng chú ý, tháng 4 tiếp tục chứng kiến số lượng cửa hàng thuộc chuỗi thegioididong.com giảm thêm 2 cửa hàng. Thay vào đó là chuỗi Điện Máy Xanh tăng thêm 17 cửa hàng nhờ cả mở mới và chuyển đổi từ cửa hàng thegioididong.com.</p>\r\n<p>Như vậy, tiếp tục duy trì chiến lược từ năm 2018, ban lãnh đạo Thế giới Di động vẫn tiếp tục cắt giảm số cửa hàng thegioididong.com để chuyển dần tỷ trọng sang chuỗi Điện Máy Xanh với số lượng hàng bày bán đa dạng hơn.</p>\r\n<p>Chuỗi Bách Hóa Xanh cũng duy trì việc mở rộng với 43 cửa hàng tăng thêm, và chính thức đạt 512 cửa hàng cuối tháng 4. Doanh thu trung bình các cửa hàng khai trương trước tháng 4 đạt khoảng <abbr class=\"rate-vnd\">1,3 tỷ đồng</abbr>/tháng. Sau khi vượt mốc 500 cửa hàng, lần đầu tiên chuỗi này cũng ghi nhận có 2 cửa hàng đạt doanh thu vượt <abbr class=\"rate-vnd\">4 tỷ đồng</abbr>/tháng.</p>\r\n<p>Trong cơ cấu doanh thu của chuỗi Bách Hóa Xanh, các mặt hàng tươi sống, hàng mát và đông lạnh chiếm tới 47%. Chỉ trong 4, các cửa hàng này cũng đã bán ra khoảng 6.900 tấn hàng tươi sống, tăng 15% so với tháng liền trước đó và 38% so với những tháng cuối năm 2018.</p>\r', '/img/bg-img/109.jpg', 4, 12, '2019-06-22 00:48:10', 'Đã duyệt', '2019-06-22 00:48:10', '<p class=\"mb-2\">Chỉ trong tháng 4, số sản phẩm máy lạnh, quạt điều hòa mà Thế giới Di động bán ra đã tăng hơn 100% so với cùng kỳ, mang về hàng nghìn tỷ đồng doanh thu cho toàn hệ thống.</p>\r\n', 4, NULL, '2019-06-03 15:36:25', 0);
INSERT INTO `post` VALUES (13, 'Mỹ - Trung đấu đá, kinh tế Singapore lao đao', '<p>Theo báo <em>Straits Times</em>, tổng sản phẩm quốc nội (GDP) của Singapore trong 3 tháng đầu năm 2019 chỉ tăng 1,2% so với cùng kỳ năm ngoái, giảm nhẹ so với con số 1,3% mà chính phủ dự báo và mức tăng 1,3% của quý IV/2018.</p>\r\n<p>Kết quả nằm dưới mức dự báo tăng trưởng 1,5% theo thăm dò của hãng tin Reuters. Đây cũng là&nbsp;tốc độ tăng trưởng kinh tế chậm nhất của Singapore kể từ quý II/2009. Khi đó, GDP đảo quốc sư tử giảm 1,7%.</p>\r\n<p>Trước tình hình này, chính phủ Singapore hạ dự báo tăng trưởng năm 2019 xuống 1,5-2,5% từ dự báo 1,5-3,5% ban đầu.</p>\r\n<p>\"Những bất ổn từ căng thẳng thương mại giữa Mỹ và Trung Quốc đã ảnh hưởng đến nhiều lĩnh vực kinh tế chủ chốt của Singapore \", <em>Reuters</em> dẫn lời chuyên gia Jeff Ng thuộc tổ chức Continuum Economics. \"Tình hình lúc này tương đối mờ mịt\".&nbsp;</p>\r\n<table class=\"picture\" align=\"center\">\r\n    <tbody>\r\n        <tr>\r\n            <td class=\"pic\"><img   alt=\"My - Trung dau da, kinh te Singapore lao dao hinh anh 1 \" src=\"https://znews-photo.zadn.vn/w660/Uploaded/sotnza/2019_05_24/sgman.jpg\" width=\"680\" height=\"453\" /></td>\r\n        </tr>\r\n        <tr>\r\n            <td class=\"pCaption caption\">Ngành sản xuất của Singapore có sự sụt giảm đáng kể so với quý IV/2018. Ảnh:&nbsp;<em>Bloomberg</em>.</td>\r\n        </tr>\r\n    </tbody>\r\n</table>\r\n<p>Giới quan sát nhận định Singapore, giống như nhiều nền kinh tế \"con hổ châu Á\"  trong khu vực, bị ảnh hưởng nghiêm trọng do chiến tranh thương mại Mỹ - Trung làm gián đoạn chuỗi cung ứng toàn cầu, ảnh hưởng đến đầu tư và lợi nhuận của các công ty.</p>\r\n<p>Gabriel Lim, Bộ trưởng Bộ Công Thương Singapore, cho biết nền kinh tế Trung Quốc tăng trưởng chậm lại và tranh chấp thương mại giữa Washington và Bắc Kinh dự kiến sẽ tiếp tục gây áp lực lên nền kinh tế của Singapore.</p>\r\n<p>Ngành sản xuất của Singapore cũng đối mặt với nhiều khó khăn khi nhu cầu hàng điện tử toàn cầu đang giảm mạnh. \"Trước tình hình này, chúng tôi dự đoán các khu vực xuất khẩu của Singapore sẽ tăng trưởng chậm trong năm nay\", ông&nbsp;Gabriel Lim thừa nhận.&nbsp;</p>\r\n<p>Giới quan sát nhận định chiến tranh thương mại Mỹ - Trung sẽ tiếp tục ảnh hưởng lớn đến Singapore, bởi nền kinh tế nước này phụ thuộc lớn vào thương mại quốc tế. Đặc biệt, khả năng một \"cuộc chiến công nghệ\" của Mỹ và Trung Quốc sẽ nổ ra có thể làm tình hình ngành sản xuất Singapore trở nên tồi tệ hơn.</p>\r', '/img/bg-img/110.jpg', 4, 2, '2019-06-22 00:48:11', 'Từ chối', '2019-06-22 00:48:11', '<p class=\"mb-2\">Tăng trưởng kinh tế Singapore trong quý I/2019 tụt xuống mức thấp nhất trong gần 10 năm qua do chiến tranh thương mại Mỹ - Trung.</p>\r\n', 0, 'Bài viết sai chính tả quá nhiều', '2019-05-29 15:36:34', 0);
INSERT INTO `post` VALUES (14, 'Ngân hàng nói gì về lãi suất bất thường khi nợ thẻ tín dụng?', '<p>Sau \"lùm xùm\" bị khách hàng tố cách tính lãi thẻ tín dụng lên tới 650%/tháng, Ngân hàng HSBC Việt Nam đã chính thức có ý kiến phản hồi về sự việc này.</p>\r\n<h3>Còn nợ thẻ, khách sẽ không được miễn lãi suất</h3>\r\n<p>Nhà băng này cho biết một trong những lợi ích mà khách hàng được hưởng khi sử dụng thẻ tín dụng là thời gian miễn lãi tối đa được hưởng khi thực hiện giao dịch mua hàng.</p>\r\n<p>Đối với thẻ tín dụng của HSBC, tùy thuộc vào từng loại thẻ, thời gian miễn lãi tối đa vào khoảng 45-55 ngày kể từ ngày giao dịch phát sinh.</p>\r\n<p>Tuy nhiên, ngân hàng này cũng cho biết người dùng thẻ tín dụng chỉ có thể được hưởng thời gian miễn lãi này khi số dư  cuối kỳ được nêu trên bảng sao kê đã được thanh toán đầy đủ và được ngân hàng ghi nhận trước hoặc  đúng ngày đến hạn thanh toán.</p>\r\n<p>Như vậy, trong trường hợp khách dùng thẻ tín dụng nhưng không thanh toán đủ tổng số dư nợ cuối kỳ trước, hoặc đúng ngày đến hạn thanh toán, tiền lãi sẽ được tính trên toàn bộ số dư kể từ ngày giao dịch phát sinh. Thậm chí, tất cả giao dịch mới phát sinh (kể từ ngày giao dịch phát sinh) cũng sẽ không còn được miễn lãi suất cho đến khi toàn bộ số dư chưa thanh toán được hoàn trả đầy đủ.</p>\r\n<h3>Khách hàng nên đọc và hiểu chính sách</h3>\r\n<p>Đại diện ngân hàng này cũng cho biết giống như các sản phẩm và dịch vụ tài chính khác, người dùng thẻ tín dụng nên dành thời gian đọc và hiểu tất cả  chính sách của các tổ chức phát hành thẻ.</p>\r\n<p>Đặc biệt đối với việc thanh toán thẻ tín dụng, để tránh mọi khoản tiền lãi không mong muốn, người dùng thẻ tín dụng nên thanh toán số dư trước hoặc đúng ngày đến hạn thanh toán.</p>\r\n<p>HSBC Việt Nam cũng khẳng định các chính sách thanh toán thẻ tín dụng của ngân hàng đều được công bố tới người dùng trên website và hợp đồng dịch vụ đã ký. Hàng tháng, khách hàng cũng nhận được bảng sao kê, trong đó in rõ những ghi chú quan trọng và tầm quan trọng của việc thanh toán dư nợ đầy đủ.</p>\r\n<p>Nhiều chuyên viên phát hành thẻ của các ngân hàng thương mại hiện nay cũng cho biết đây là cách tính lãi chung với thẻ tín dụng visa. Và hiện nay nhiều ngân hàng cũng đang áp dụng cách tính lãi tương tự như Standard Chartered, Citibank, ACB, MBBank… </p>\r\n<p>Theo đó, nếu sử dụng thẻ tín dụng để thanh toán hàng chục triệu đồng nhưng đến hạn không trả đủ số tiền đã quẹt, khách sẽ phải chịu mức lãi suất tính trên tổng số tiền đã chi tiêu của tháng trước đó.<strongr></strongr></p>\r\n<table class=\"picture\" align=\"center\">\r\n    <tbody>\r\n        <tr>\r\n            <td class=\"pic\"><img   alt=\"Ngan hang noi gi ve lai suat bat thuong khi no the tin dung? hinh anh 1 \" src=\"https://znews-photo.zadn.vn/w660/Uploaded/aohunkx/2019_05_23/no_the_HSBC.jpg\" width=\"660\" height=\"385\" /></td>\r\n        </tr>\r\n        <tr>\r\n            <td class=\"pCaption caption\">Sao kê của khách hàng nợ lại 400.000 đồng trong thẻ tín dụng nhưng bị tính lãi gần 3 triệu đồng. <em>Ảnh: NVCC.</em></td>\r\n        </tr>\r\n    </tbody>\r\n</table>\r\n<p>Trước đó, một khách hàng tại TP.HCM sử dụng thẻ tín dụng của HSBC đã phản ánh về cách tính lãi suất được cho là cao bất thường của nhà băng này.</p>\r\n<p>Cụ thể, dư nợ cuối kỳ sao kê tháng 4 của vị khách này là hơn 100.400.000 đồng và anh đã thanh toán 100.000.000 đồng trước hạn ngày 16/5, số tiền còn nợ lại là hơn 400.000 đồng.</p>\r\n<p>Trong kỳ sao kê tháng 5, vị khách này có phát sinh thêm giao dịch qua thẻ với tổng giá trị gần 27.000.000 đồng, số tiền này có hạn thanh toán đến tháng 6.</p>\r\n<p>Tuy nhiên, khi nhận sao kê thanh toán tháng 5, số tiền lãi anh này phải đóng lên tới 3 triệu đồng.</p>\r', '/img/bg-img/111.jpg', 4, 6, '2019-06-22 00:48:13', 'Chưa duyệt', '2019-06-22 00:48:13', '<p class=\"mb-2\">Giải thích về cách tính lãi suất khi còn nợ thẻ tín dụng, HSBC khuyến cáo khách nên đọc và hiểu tất cả chính sách của tổ chức phát hành thẻ.</p>\r\n', 65, NULL, '2019-06-15 15:36:39', 0);
INSERT INTO `post` VALUES (15, 'Đại gia ngoại rót 12 tỷ USD vào ngành công nghiệp chế biến Việt Nam', '<p>Báo cáo của Cục Đầu tư nước ngoài (Bộ Kế hoạch và Đầu tư) cho biết vốn đầu tư nước ngoài (FDI) 5 tháng đầu năm đạt kỷ lục về giá trị trong 4 năm gần đây. </p>\r\n<p>Tính đến ngày 20/5, tổng vốn đăng ký cấp mới, tăng thêm và góp vốn mua cổ phần của nhà đầu tư nước ngoài đạt <abbr class=\"rate-usd\">16,74 tỷ USD</abbr>, tăng 69,1% so với cùng kỳ năm 2018. Giải ngân vốn FDI ước đạt <abbr class=\"rate-usd\">7,3 tỷ USD</abbr>, tăng 7,8%.</p>\r\n<p>Cụ thể, cả nước có 1.363 dự án mới được cấp giấy chứng nhận đăng ký đầu tư với tổng vốn đăng ký cấp mới <abbr class=\"rate-usd\">6,46 tỷ USD</abbr>.<strongr></strongr></p>\r\n<table class=\"picture\" align=\"center\">\r\n    <tbody>\r\n        <tr>\r\n            <td class=\"pic\"><img   alt=\"Dai gia ngoai rot 12 ty USD vao nganh cong nghiep che bien Viet Nam hinh anh 1 \" src=\"https://znews-photo.zadn.vn/w660/Uploaded/chuobun/2019_05_24/Nha_may_Thaco_Mazda_Zing_15.jpg\" width=\"2048\" height=\"1365\" /></td>\r\n        </tr>\r\n        <tr>\r\n            <td class=\"pCaption caption\">Vốn ngoại rót vào lĩnh vực công nghiệp chế biến, chế tạo đạt <abbr class=\"rate-usd\">12 tỷ USD</abbr>. Ảnh: <em>Thế Anh.</em></td>\r\n        </tr>\r\n    </tbody>\r\n</table>\r\n<p>Có 505 lượt dự án đăng ký điều chỉnh vốn đầu tư với tổng vốn đăng ký tăng thêm <abbr class=\"rate-usd\">2,63 tỷ USD</abbr>, tăng 5,5%. Có 3.160 lượt góp vốn, mua cổ phần của nhà đầu tư nước ngoài với tổng giá trị vốn góp <abbr class=\"rate-usd\">7,65 tỷ USD</abbr>, gấp 2,8 lần so với cùng kỳ năm ngoái.</p>\r\n<p>Trong 19 lĩnh vực thu hút FDI, công nghiệp chế biến, chế tạo đang được nhiều doanh nghiệp nước ngoài rót mạnh vào Việt Nam với <abbr class=\"rate-usd\">12 tỷ USD</abbr>, chiếm 71,8% tổng vốn đầu tư đăng ký. </p>\r\n<p>Hoạt động kinh doanh bất động sản đứng thứ hai với tổng vốn đầu tư <abbr class=\"rate-usd\">1,14 tỷ USD</abbr>. Số tiền đổ vào công nghiệp chế biến, chế tạo cũng bỏ xa lĩnh vực bán buôn, bán lẻ - xếp thứ ba với <abbr class=\"rate-usd\">864 triệu USD</abbr>.</p>\r\n<p>Xét theo đối tác, đã có 88 quốc gia và vùng lãnh thổ có dự án đầu tư tại Việt Nam, trong đó Hong Kong dẫn đầu với tổng vốn đầu tư <abbr class=\"rate-usd\">5,08 tỷ USD</abbr>, chiếm 30,4%. Hàn Quốc xếp thứ hai khi đầu tư <abbr class=\"rate-usd\">2,62 tỷ USD</abbr>, đứng thứ ba là Singapore với <abbr class=\"rate-usd\">2,09 tỷ USD</abbr>.</p>\r\n<p>Hà Nội tiếp tục là địa bàn thu hút nhiều vốn đầu tư nước ngoài nhất với tổng số vốn đăng ký hơn <abbr class=\"rate-usd\">4,79 tỷ USD</abbr>, chiếm 28,6%. TP.HCM đứng thứ hai với <abbr class=\"rate-usd\">2,78 tỷ USD</abbr>. Trong khi đó, tổng vốn đăng ký đầu tư vào Bình Dương nhích lên mức <abbr class=\"rate-usd\">1,25 tỷ USD</abbr>, chiếm 7,4% tổng vốn đầu tư.</p>\r', '/img/bg-img/112.jpg', 4, 12, '2019-06-22 00:48:15', 'Đã duyệt', '2019-06-22 00:48:15', '<p class=\"mb-2\">Trong 16,74 tỷ USD thu hút FDI từ đầu năm, vốn đổ vào ngành công nghiệp chế biến, chế tạo đạt 12 tỷ USD. Đây cũng là lĩnh vực đứng đầu trong 19 ngành được nhà đầu tư ngoại rót vốn.</p>\r\n', 83, NULL, '2019-06-24 15:36:41', 0);
INSERT INTO `post` VALUES (16, 'Kiểm toán Nhà nước: Các ngân hàng cải thiện ảo hệ số an toàn vốn', '<p>Trong báo cáo gửi Quốc hội mới đây, Kiểm toán Nhà nước đã chỉ ra chiêu trò một số ngân hàng đã áp dụng để \"cải thiện ảo\" hệ số an toàn vốn CAR.</p>\r\n<h3>Đầu tư trái phiếu chéo lẫn nhau</h3>\r\n<p>Kiểm toán Nhà nước cho biết hệ số an toàn vốn (CAR) toàn hệ thống ngân hàng trong năm 2017 chưa đáng tin cậy.</p>\r\n<p>Loại trừ các ngân hàng yếu kém và các ngân hàng được NHNN mua lại với giá 0 đồng, Kiểm toán Nhà nước cho rằng một số ngân hàng thương mại đã đầu tư trái phiếu chéo lẫn nhau để “cải thiện ảo” hệ số CAR.</p>\r\n<p>Cùng với đó, nhiều ngân hàng thương mại đã phân loại nợ không đúng, ảnh hưởng đến lợi nhuận, tác động giảm hệ số này.</p>\r\n<p>Trong hoạt động ngân hàng, CAR là một chỉ tiêu quan trọng phản ánh mối quan hệ giữa vốn tự có với tài sản có điều chỉnh rủi ro của các ngân hàng thương mại.</p>\r\n<p>Theo thống kê mới nhất từ NHNN, tính đến cuối tháng 2/2019, tỷ lệ an toàn vốn tối thiểu của toàn hệ thống ngân hàng vào khoảng 11,8%.</p>\r\n<p>Trong đó, các ngân hàng thương mại Nhà nước có tỷ lệ này ở mức 9,42%; ngân hàng thương mại cổ phần ở mức 10,76%, trong khi nhóm ngân hàng liên doanh, nước ngoài là 24,67%...</p>\r\n<table class=\"picture\" align=\"center\">\r\n    <tbody>\r\n        <tr>\r\n            <td class=\"pic\"><img   alt=\"Kiem toan Nha nuoc: Cac ngan hang cai thien ao he so an toan von hinh anh 1 \" src=\"https://znews-photo.zadn.vn/w660/Uploaded/aohunkx/2019_05_22/cmsimage000002295.jpg\" width=\"900\" height=\"505\" /></td>\r\n        </tr>\r\n        <tr>\r\n            <td class=\"pCaption caption\">Một số ngân hàng thương mại dùng chiêu&nbsp;đầu tư trái phiếu chéo lẫn nhau để “cải thiện ảo” hệ số CAR. <em>Ảnh minh họa: NBA.</em></td>\r\n        </tr>\r\n    </tbody>\r\n</table>\r\n<p>Việc một số ngân hàng dùng chiêu để \"cải thiện ảo\" hệ số CAR từ năm 2017 đặt ra bài toán phải thống nhất phương án tính toán để đưa ra một hệ số chính xác. Đặc biệt trong bối cảnh hệ thống ngân hàng đang đến gần hơn với việc áp dụng chính thức chuẩn Basel II vào năm 2020 tới.</p>\r\n<h3>VAMC chưa thực hiện vai trò trong mua và xử lý nợ xấu</h3>\r\n<p>Báo cáo gửi Quốc hội lần này của Kiểm toán Nhà nước cũng cho biết ngoài những thành tích đã đạt được trong năm 2017, hoạt động ngành ngân hàng  vẫn còn một số tồn tại, hạn chế.</p>\r\n<p>Cụ thể, kiểm toán cho biết một số ngân hàng đã tăng trưởng tín dụng vượt mức cho phép của NHNN, như BaovietBank, SeABank, NamABank, PVcombank, VietBank với tổng dư nợ vượt <abbr class=\"rate-vnd\">6.988 tỷ đồng</abbr>.</p>\r\n<p>Trong khi đó, một số ngân hàng khác còn vi phạm quy định về giới hạn góp vốn, mua cổ phần trong hệ thống.</p>\r\n<p>\"Sacombank và Kienlongbank sở hữu cổ phần trực tiếp qua lại lẫn nhau; 5 tổ chức tín dụng gồm MSB, Vietcombank, CBBank, OceanBank và Agribank nắm giữ cổ phần của hơn 2 tổ chức tín dụng khác (tại năm 2017)\", Kiểm toán Nhà nước chỉ rõ.</p>\r\n<p>Trong hoạt động xử lý nợ xấu, đại diện kiểm toán cho biết Công ty Quản lý Tài sản - VAMC chưa thực hiện vai trò trong việc mua và xử lý nợ xấu, mà chủ yếu thông qua việc ủy quyền lại cho các tổ chức tín dụng bán nợ. Tổ chức này cũng không thẩm định giá mua (bằng dư nợ trừ dự phòng rủi ro), đồng thời không kiểm tra, đánh giá khách hàng vay, tính trung thực, chính xác của hồ sơ, tài liệu và tài sản đảm bảo của khoản nợ...</p>\r\n<p>Ngoài ra, một số ngân hàng thương mại Nhà nước còn chậm quyết toán các chương trình hỗ trợ lãi suất, chưa thu hồi nợ tồn đọng nhóm 2 và nợ có tính chất tồn đọng nhóm 2 để hoàn trả ngân sách Nhà nước.</p>\r\n<p>Tính đến cuối năm 2017, giá trị khoản nợ đọng này tại 4 ngân hàng thương mại Nhà nước là <abbr class=\"rate-vnd\">108 tỷ đồng</abbr> và <abbr class=\"rate-usd\">2,2 triệu USD</abbr>. Trong đó, giá trị tại BIDV là hơn <abbr class=\"rate-vnd\">40 tỷ đồng</abbr>; Agribank là gần <abbr class=\"rate-vnd\">31 tỷ đồng</abbr>; Vietcombank là hơn <abbr class=\"rate-vnd\">1 tỷ đồng</abbr> và Vietinbank là khoản giá trị 36 tỷ và <abbr class=\"rate-usd\">2,2 triệu USD</abbr>.</p>\r', '/img/bg-img/113.jpg', 4, 2, '2019-06-22 00:48:16', 'Chưa duyệt', '2019-06-22 00:48:16', '<p class=\"mb-2\">Kiểm toán Nhà nước cho biết một số ngân hàng thương mại đã đầu tư trái phiếu chéo lẫn nhau để “cải thiện ảo” hệ số CAR, khiến hệ số này của toàn hệ thống chưa đáng tin cậy.</p>\r\n', 54, NULL, '2019-04-11 15:36:44', 0);
INSERT INTO `post` VALUES (17, 'Thách đấu Từ Hiểu Đông, cao thủ Thiếu Lâm treo cổ thị uy', '<p>Chứng kiến chiến thắng chóng vánh trong vòng 47 giây của Từ Hiểu Đông trước Lã Cương, cao thủ Thiếu Lâm Tự Thích Diên Giác chỉ trích họ Từ là \"lấy thịt đè người\" khi thách đấu với đối thủ không cùng hạng cân.</p>\r\n<p>Cao thủ họ Thích viết trên mạng xã hội: \"Theo quy tắc của cuộc thi, một người 90 kg đối đầu với người 60 kg. Đây có thể được gọi là cạnh tranh không? Đây là sử dụng truyền thông để chống lại luật chơi\".</p>\r\n<p>\"Sự thiếu hiểu biết đã đi đến cường điệu. Có bao nhiêu người ở Trung Quốc đã tập luyện Vịnh Xuân? Làm sao Hiểu Đông không dám chọn một võ sĩ đồng hạng để đấu\", ông chế nhạo đối thủ.</p>\r\n<table class=\"picture\" align=\"center\">\r\n    <tbody>\r\n        <tr>\r\n            <td class=\"pic\"><img   alt=\"Thach dau Tu Hieu Dong, cao thu Thieu Lam treo co thi uy hinh anh 1 \" src=\"https://znews-photo.zadn.vn/w660/Uploaded/ofh_nuottuqz/2019_05_24/thichdiengiac.jpg\" width=\"660\" height=\"512\" /></td>\r\n        </tr>\r\n        <tr>\r\n            <td class=\"pCaption caption\">Thích Diên Giác thực hiện kỹ năng treo cổ dọa Từ Hiểu Đông.</td>\r\n        </tr>\r\n    </tbody>\r\n</table>\r\n<p>Quan điểm của Thích nhận được nhiều sự đồng tình từ phía cư dân mạng. Mới đây, Thích Diên Giác còn thực hiện kỹ năng treo cổ bằng vải ngồi thiền - chiêu độc của môn phái. </p>\r\n<p>Đây là màn thị uy sức mạnh của họ Thích đi kèm với lời thách đấu Từ Hiểu Đông với điều kiện võ sĩ MMA này phải giảm 15 kg để đồng hạng cân với Thích.</p>\r\n<p>Khán giả Trung Quốc đang chờ đợi Từ Hiểu Đông phản hồi lời thách đấu của cao thủ Thiếu Lâm Tự. Nếu có cơ hội so tài và giành chiến thắng trước Thích Diên Giác, tên tuổi của họ Từ sẽ càng nổi như cồn.</p>\r\n<p>Thích Diên Giác là một trong những võ sư Thiếu Lâm nổi tiếng ở Trung Quốc hiện tại. Ông nhiều năm là cận vệ số một của phương trượng Thiếu Lâm Thích Vĩnh Tín, được báo chí Trung Quốc nhận định là người có nội công thâm hậu nhất môn phái lúc này và có danh xưng \"Đệ nhất hộ pháp Thiếu Lâm\".</p>\r\n<table class=\"picture\" align=\"center\">\r\n    <tbody>\r\n        <tr>\r\n            <td class=\"pic\"><img   alt=\"Thach dau Tu Hieu Dong, cao thu Thieu Lam treo co thi uy hinh anh 2 \" src=\"https://znews-photo.zadn.vn/w660/Uploaded/ofh_nuottuqz/2019_05_24/1467205230yilong1.jpg\" width=\"500\" height=\"503\" /></td>\r\n        </tr>\r\n        <tr>\r\n            <td class=\"pCaption caption\">\"Đệ nhất Thiếu Lâm\" Nhất Long từng thi triển kỹ thuật này năm 2016.</td>\r\n        </tr>\r\n    </tbody>\r\n</table>\r\n<p>Trước đó, Nhất Long - người được mệnh danh là \"Đệ nhất Thiếu Lâm\" - cũng khiến nhiều người trầm trồ với màn treo cổ ngồi thiền mạo hiểm năm 2016.</p>\r\n<p>Sau chiến thắng trước \"Quái vật Trung Đông\" - Seyedisa Alamdarnezam, Nhất Long đã biểu diễn kỹ năng treo cổ ngồi thiền trước sự chứng kiến của rất đông võ sĩ tán thủ trong một khóa huấn luyện ở Bắc Kinh.</p', '/img/bg-img/114.jpg', 1, 6, '2019-06-22 00:48:19', 'Đã duyệt', '2019-06-22 00:48:19', '<p class=\"mb-2\">Không chỉ tuyên bố sẽ tỉ thí Từ Hiểu Đông nếu đối thủ chấp nhận giảm 15 kg, cao thủ Thích Diên Giác còn có màn treo cổ để dọa \"gã điên\" của làng MMA Trung Quốc.</p>\r\n', 27, NULL, '2019-06-17 15:36:50', 0);
INSERT INTO `post` VALUES (18, 'Cược MU thua Cardiff, \'Thánh dự\' ăn số tiền gấp hơn 23.000 lần', '<p>Một người chơi giấu tên tại vùng Derbyshire đã đặt cược 5 bảng để dự đoán kết quả của 10 trận đấu thuộc vòng cuối <a href=\"https://news.zing.vn/tieu-diem/premier-league.html\" title=\"Tin tức Premier League\" class=\"topic company autolink\" topic-id=\"5129\">Premier League</a> mùa giải 2018/19 diễn ra cách đây không lâu.&nbsp;</p>\r\n<p>Theo kết quả từ nhà cái&nbsp;<em>Paddy Power</em>, người này dự đoán đúng tất cả tỷ số của các trận đấu và thu về khoản tiền gấp&nbsp;23.496 lần, tương đương&nbsp;117.485 bảng.</p>\r\n<table class=\"picture\" align=\"center\">\r\n    <tbody>\r\n        <tr>\r\n            <td class=\"pic\"><img   alt=\"Cuoc MU thua Cardiff, \'Thanh du\' an so tien gap hon 23.000 lan hinh anh 1 \" src=\"https://znews-photo.zadn.vn/w660/Uploaded/natmzz/2019_05_24/au.JPG\" width=\"807\" height=\"466\" /></td>\r\n        </tr>\r\n        <tr>\r\n            <td class=\"pCaption caption\">Aubameyang lập cú đúp giúp <a href=\"https://news.zing.vn/tieu-diem/arsenal.html\" title=\"Tin tức Arsenal\" class=\"topic company autolink\" topic-id=\"3848\">Arsenal</a> giành 3 điểm trên sân Turf Moor. Ảnh: <em>Getty.</em></td>\r\n        </tr>\r\n    </tbody>\r\n</table>\r\n<p>CĐV này dự đoán đúng các trận hòa gồm <a href=\"https://news.zing.vn/tieu-diem/leicester.html\" title=\"Tin tức Leicester\" class=\"topic company autolink\" topic-id=\"4037\">Leicester</a> 0-0 <a href=\"https://news.zing.vn/tieu-diem/chelsea.html\" title=\"Tin tức Chelsea\" class=\"topic company autolink\" topic-id=\"3841\">Chelsea</a>, <a href=\"https://news.zing.vn/tieu-diem/southampton-fc.html\" title=\"Tin tức Southampton\" class=\"topic company autolink\" topic-id=\"3954\">Southampton</a> 1-1 Huddersfield, <a href=\"https://news.zing.vn/tieu-diem/everton.html\" title=\"Tin tức Everton\" class=\"topic company autolink\" topic-id=\"4041\">Everton</a> 2-2 <a href=\"https://news.zing.vn/tieu-diem/tottenham.html\" title=\"Tin tức Tottenham\" class=\"topic company autolink\" topic-id=\"3957\">Tottenham</a>. Các trận thắng của Arsenal trước Burnley (3-1), <a href=\"https://news.zing.vn/tieu-diem/crystal-palace.html\" title=\"Tin tức Crystal Palace\" class=\"topic company autolink\" topic-id=\"5137\">Crystal Palace</a> trước Bournemouth (5-3), <a href=\"https://news.zing.vn/tieu-diem/fulham.html\" title=\"Tin tức Fulham\" class=\"topic company autolink\" topic-id=\"5136\">Fulham</a> thua <a href=\"https://news.zing.vn/tieu-diem/newcastle-fc.html\" title=\"Tin tức Newcastle\" class=\"topic company autolink\" topic-id=\"5135\">Newcastle</a> 0-4, West Ham đánh bại Watford 4-1.</p>\r\n<p>2 trận đấu quyết định ngôi vương Premier League cũng được CĐV giấu tên dự đoán chính xác. Liverpool thắng Wolverhampton 2-0 nhưng chừng đó là không đủ để giúp thầy trò Juergen Klopp đăng quang, bởi Man City đã đè bẹp Brighton với tỷ số 4-1.</p>\r\n<p>Chưa dừng ở đó, CĐV này còn có dự đoán đầy táo bạo rằng <a href=\"https://news.zing.vn/tieu-diem/cardiff.html\" title=\"Tin tức Cardiff\" class=\"topic company autolink\" topic-id=\"5134\">Cardiff</a> - CLB đã xuống hạng sẽ đánh bại MU ngay tại Old Trafford với tỷ số 2-0. Đây là điều khó xảy ra, bởi \"Quỷ đỏ\" bất bại trước \"Blue Birds\" trong suốt 65 năm qua.</p>\r\n<p>Tuy nhiên, dự đoán này đã trở thành sự thật khi thầy trò HLV <a href=\"https://news.zing.vn/tieu-diem/solskjaer.html\" title=\"Tin tức Solskjaer\" class=\"topic person autolink\" topic-id=\"5138\">Solskjaer</a> có màn trình diễn bạc nhược và kết thúc mùa giải với trận thua muối mặt trên sân nhà.&nbsp;Nathaniel Mendez-Laing là cầu thủ lập cú đúp mang về chiến thắng danh dự cho thầy trò HLV Neil Warnock.</p>\r\n<table class=\"picture\" align=\"center\">\r\n    <tbody>\r\n        <tr>\r\n            <td class=\"pic\"><img   alt=\"Cuoc MU thua Cardiff, \'Thanh du\' an so tien gap hon 23.000 lan hinh anh 2 \" src=\"https://znews-photo.zadn.vn/w660/Uploaded/natmzz/2019_05_24/dege.jpg\" width=\"2000\" height=\"1340\" /></td>\r\n        </tr>\r\n        <tr>\r\n            <td class=\"pCaption caption\">Rất ít CĐV nghĩ MU để thua 2 bàn không gỡ trên sân nhà trước Cardiff. Ảnh: <em>Getty.</em></td>\r\n        </tr>\r\n    </tbody>\r\n</table>\r\n<p>Ngay cả chủ nhân của tấm phiếu đặt cuộc cũng không thể ngờ mình lại dự đoán chuẩn xác đến vậy. Cho đến khi tài khoản nhận về khoản tiền hơn 117.000 bảng, anh đã không thể tin vào mắt mình.</p>\r\n<p>Nhà cái <em>Paddy Power</em> khẳng định sẽ dành một vị trí trang trọng ở \"Đại sảnh danh vọng\" để khắc tên người chơi may mắn này.&nbsp;</p>\r\n<p>Tuy nhiên, đây chưa phải là trường hợp xuất hiện \"Thánh dự\" đầu tiên. Tháng 2/2019, một CĐV đã đặt cược 50 bảng để dự đoán tỷ số 20 trận đấu trên khắp các giải đấu tại châu Âu, từ Premier League, La Liga, Serie A cho đến những giải đấu cấp thấp và đều chính xác không lệch một ly. CĐV này đã nhận về số tiền thưởng lên đến 185.000 bảng.</p>\r', '/img/bg-img/115.jpg', 1, 12, '2019-06-22 00:48:21', 'Từ chối', '2019-06-22 00:48:21', '<p class=\"mb-2\">Chi ra 5 bảng để dự đoán kết quả vòng cuối Premier League 2018/19, một CĐV đã thu về số tiền hơn 117.000 bảng.</p>\r\n', 93, 'Bài viết sai chính tả', '2019-06-09 15:36:53', 1);
INSERT INTO `post` VALUES (19, 'Bùi Tiến Dũng 2 lần chôn chân trong trận thua của CLB Hà Nội', '<p>Hành quân đến sân Thiên Trường mà không có lực lượng mạnh nhất, đặc biệt ở hàng thủ, CLB Hà Nội vẫn chủ động đẩy cao đội hình tấn công phủ đầu chủ nhà sau tiếng còi khai cuộc.\r\n</p>\r\n<p>Đoàn quân của HLV Chu Đình Nghiêm cầm bóng nhưng không tổ chức được pha bóng nào thực sự nguy hiểm về phía khung thành của chủ nhà.\r\nTrong khi đó, CLB Nam Định chơi phòng ngự số đông ở phần sân nhà và sẵn sàng vào bóng rát để ngăn chặn đối thủ. </p>\r\n<p>Ngay khi có bóng, học trò của HLV Nguyễn Văn Dũng sẽ thực hiện đường chuyền dài đến vị trí của cặp tiền đạo ngoại.\r\nChiến thuật của đội bóng Thành Nam phát huy hiệu quả khi họ bắt chết quả cả Oseni, Quang Hải, thậm chí còn có bàn mở tỷ số ở phút 37.</p>\r\n<table class=\"picture\" align=\"center\">\r\n    <tbody>\r\n        <tr>\r\n            <td class=\"pic\"><img   alt=\"Bui Tien Dung 2 lan chon chan trong tran thua cua CLB Ha Noi hinh anh 1 \" src=\"https://znews-photo.zadn.vn/w660/Uploaded/natmzz/2019_05_24/bb.JPG\" width=\"666\" height=\"386\" /></td>\r\n        </tr>\r\n        <tr>\r\n            <td class=\"pCaption caption\">\r\n            <p>Bùi Tiến Dũng không thể làm gì hơn trong bàn thua đầu tiên khi cú sút của tiền đạo đội chủ nhà là quá tốt. Ảnh: <em>Kiệt Trần.</em></p>\r\n            </td>\r\n        </tr>\r\n    </tbody>\r\n</table>\r\n<p>Nhận đường chuyền về vừa tầm của Mạnh Hùng, Diogo băng lên tung cú sút khiến thủ môn Bùi Tiến Dũng đứng chôn chân.\r\nNếu tận dụng cơ hội tốt hơn, chủ nhà Nam Định hoàn toàn có thể bước vào giờ nghỉ với lợi thế nhiều hơn 2 bàn.</p>\r\n<p>Mặt trận tấn công của CLB Hà Nội không có nhiều biến chuyển trong hiệp 2. Vẫn là những pha treo bóng từ hai cánh nhưng không thể vượt qua hàng thủ chơi tập trung của chủ nhà.&nbsp;</p>\r\n<p>Chiến thuật phòng ngự chặt, phản công nhanh một lần nữa mang về bàn thắng cho CLB Nam Định ở phút 70. Vũ Thế Vương sau khi nhận đường chuyền của Diogo đã lập một siêu phẩm từ ngoài vùng cấm khiến Bùi Tiến Dũng một lần nữa đứng chôn chân.</p>\r\n<table class=\"picture\" align=\"center\">\r\n    <tbody>\r\n        <tr>\r\n            <td class=\"pic\"><img   alt=\"Bui Tien Dung 2 lan chon chan trong tran thua cua CLB Ha Noi hinh anh 2 \" src=\"https://znews-photo.zadn.vn/w660/Uploaded/natmzz/2019_05_24/vh_Zing_1.JPG\" width=\"959\" height=\"609\" /></td>\r\n        </tr>\r\n        <tr>\r\n            <td class=\"pCaption caption\">Nhà ĐKVĐ V.League chơi bế tắc và xứng đáng nhận thất bại trước chủ nhà Nam Định. Ảnh: <em>Kiệt Trần.</em></td>\r\n        </tr>\r\n    </tbody>\r\n</table>\r\n<p>Nhà ĐKVĐ V.League đẩy cao đội hình tấn công trong những phút còn lại nhưng chỉ có đúng một lần đưa bóng đi trúng xà sau cú đánh đầu của trung vệ Brandon. Quang Hải, Samson bị phong tỏa cho đến khi tiếng còi kết thúc trận đấu vang lên. Đoàn quân của HLV Chu Đình Nghiêm ngậm ngùi rời sân Thiên Trường với hai bàn tay trắng.</p>\r', '/img/bg-img/116.jpg', 1, 2, '2019-06-22 00:48:22', 'Đã duyệt', '2019-06-22 00:48:22', '<p class=\"mb-2\">Bùi Tiến Dũng có lần bắt chính thứ 2 tại V.League nhưng anh cùng CLB Hà Nội phải nhận thất bại 0-2 trên sân của Nam Định ở vòng 11 V.League.</p>\r\n', 4, NULL, '2019-06-15 15:36:56', 0);
INSERT INTO `post` VALUES (20, 'Thủ môn Tấn Trường khó bị thay thế dù liên tục mắc sai lầm', '<p>Tiếp đội bóng đất mỏ trên sân nhà ở vòng 11 V.League 2019, CLB Bình Dương chơi không tốt như đầu mùa, khi nền tảng thể lực đã bị bào mòn. Họ để cho đội khách kiểm soát trận đấu và ghi mỗi hiệp một bàn thắng nhờ công của Hải Huy và Lastro Neven.</p>\r\n<p>Đáng chú ý là bàn thua thứ 2, thủ môn Bùi Tấn Trường có pha ra bóng lỗi từ quả phạt góc, trực tiếp dẫn đến bàn thua ở phút 65. Pha bắt bóng một tay của người gác đền quê Đồng Tháp như dâng bàn thắng trước mắt ngoại binh của Quảng Ninh.</p>\r\n<table class=\"picture\" align=\"center\">\r\n    <tbody>\r\n        <tr>\r\n            <td class=\"pic\"><img   alt=\"Thu mon Tan Truong kho bi thay the du lien tuc mac sai lam hinh anh 1 \" src=\"https://znews-photo.zadn.vn/w660/Uploaded/aopuoax/2019_05_24/tantruong_zing.JPG\" width=\"2048\" height=\"1482\" /></td>\r\n        </tr>\r\n        <tr>\r\n            <td class=\"pCaption caption\">CLB Bình Dương đón nhận trận thua 2-0 trước Quảng Ninh ngay trên sân nhà. Ảnh:&nbsp;<em>Quang Thịnh.</em></td>\r\n        </tr>\r\n    </tbody>\r\n</table>\r\n<p>HLV Nguyễn Thanh Sơn cho rằng: “Đội bóng thua không phải do lỗi cá nhân, không nên đổ lỗi cho Tấn Trường. Các cầu thủ khác mệt mỏi vì không có thể lực nên chuyền sai nhiều, ai cũng cố gắng chơi hết khả năng. Chúng tôi thua và chấp nhận điều đó”.</p>\r\n<p>“Bàn thua là lỗi của anh ấy nhưng sai sót thì thua, thủ môn là vậy. Tiền đạo có 10 trận không ghi bàn không sao nhưng thủ môn thì khác, sai lầm phải trả giá. Tôi không nghĩ sẽ thay Tấn Trường, thủ môn cần có vị trí ổn định”, ông Sơn nói.</p>\r\n<p>CLB Bình Dương còn 2 thủ môn khác là Phạm Văn Tiến và Trần Đức Cường. Ở trận đấu này, thủ môn gốc Nghệ An Đức Cường là người dự bị cho Tấn Trường. Cả 2 thủ môn dự bị Bình Dương đều từng được ra sân ở mùa giải này nhưng không phải là thủ môn số một.</p>\r\n<p>Người dẫn dắt của CLB Bình Dương cho rằng không phải cứ thua là đổi thủ môn và dẫn chứng ở nước ngoài cũng ít đổi vị trí quan trọng này theo kiểu cứ sai là đổi. Ông Sơn nhấn mạnh vào trách nhiệm của HLV thủ môn Trần Minh Quang về phong độ của Tấn Trường.</p>\r\n<table class=\"picture\" align=\"center\">\r\n    <tbody>\r\n        <tr>\r\n            <td class=\"pic\"><img   alt=\"Thu mon Tan Truong kho bi thay the du lien tuc mac sai lam hinh anh 2 \" src=\"https://znews-photo.zadn.vn/w660/Uploaded/aopuoax/2019_05_24/machongquan_zing.JPG\" width=\"3831\" height=\"2528\" /></td>\r\n        </tr>\r\n        <tr>\r\n            <td class=\"pCaption caption\">Mạc Hồng Quân tiếp tục thi đấu tốt dù không ghi bàn cho Quảng Ninh. Ảnh:&nbsp;<em>Quang Thịnh.</em></td>\r\n        </tr>\r\n    </tbody>\r\n</table>\r\n<p>“Chúng tôi cũng nói anh Quang tập bóng bổng cho Tấn Trường, nhắc nhở và chấn chỉnh em ấy. HLV là người phải chỉnh sửa cho các thủ môn của mình, nhưng đặc thù vị trí này cũng cần có người bắt chắc chắn chứ không phải thua là đổi người khác”, HLV Bình Dương nói.</p>\r\n<p>Bên cạnh yếu tố cá nhân, phía CLB Bình Dương cũng than phiền về cách bố trí lịch thi đấu của ban tổ chức khiến các đội dự <a href=\"https://news.zing.vn/tieu-diem/afc-cup-2019.html\" title=\"Tin tức AFC Cup 2019\" class=\"topic normal autolink\" topic-id=\"5123\">AFC Cup 2019</a> gặp khó khăn. Bình Dương phải đến ngày 31/5 mới đá vòng 12 và muốn dời trận gặp Quảng Ninh ở vòng 11 nhưng bất thành.</p>\r\n<p>Cày ải với lịch thi đấu dày đặc, CLB Bình Dương thua Quảng Ninh 0-2 và tạm thời đứng thứ 9. Tuy nhiên, khoảng cách 4 điểm của Anh Đức và đồng đội với đội áp chót là Quảng Nam có thể bị thu hẹp khi vòng 11 khép lại. “<a href=\"https://news.zing.vn/tieu-diem/chelsea.html\" title=\"Tin tức Chelsea\" class=\"topic company autolink\" topic-id=\"3841\">Chelsea</a> Việt Nam” đang có 12 điểm, thua CLB Quảng Ninh 5 điểm.</p>\r', '/img/bg-img/117.jpg', 1, 6, '2019-06-22 00:48:24', 'Đã duyệt', '2019-06-22 00:48:24', '<p class=\"mb-2\">HLV Nguyễn Thanh Sơn không muốn đổ lỗi cho cá nhân thủ môn Tấn Trường dù anh mắc sai lầm nghiêm trọng trong trận thua 0-2 trước CLB Quảng Ninh.</p>\r\n', 23, NULL, '2019-05-28 15:36:58', 0);
INSERT INTO `post` VALUES (21, 'Công Phượng không thi đấu, Incheon thua trận thứ 4 liên tiếp', '<p>Chỉ hòa và thua trong 10 trận liên tiếp, Incheon bước vào cuộc đấu với Sangju Sangmu trên sân nhà với quyết tâm giành chiến thắng cao độ. <a href=\"https://news.zing.vn/tieu-diem/cau-thu-cong-phuong.html\" title=\"Tin tức Công Phượng\" class=\"topic person autolink\" topic-id=\"3751\">Công Phượng</a> bắt đầu trận đấu từ ghế dự bị.</p>\r\n<p dir=\"ltr\">Incheon chỉ mất 8 phút để có bàn mở tỷ số sau cú dứt điểm của Stefan Mugosa. Tiền đạo người Montenegro đã ghi bàn sau khi tận dụng sai lầm của hàng phòng ngự đối thủ.</p>\r\n<table class=\"picture\" align=\"center\">\r\n    <tbody>\r\n        <tr>\r\n            <td class=\"pic\"><img   alt=\"Cong Phuong khong thi dau, Incheon thua tran thu 4 lien tiep hinh anh 1 \" src=\"https://znews-photo.zadn.vn/w660/Uploaded/ofh_huqfztmf/2019_05_24/7_1.jpg\" width=\"633\" height=\"449\" /></td>\r\n        </tr>\r\n        <tr>\r\n            <td class=\"pCaption caption\">Incheon chơi nỗ lực nhưng không tránh khỏi trận thua vì những sai lầm ở hàng phòng ngự. Ảnh: <em>IUFC</em>.</td>\r\n        </tr>\r\n    </tbody>\r\n</table>\r\n<p dir=\"ltr\">Khi trận đấu đang diễn ra có lợi cho Incheon thì bất ngờ tai họa ập đến. Phút 27, thủ môn Jeong-san dính chấn thương và rời sân. Mất chốt chặn phòng ngự hay nhất, đội chủ nhà liên tục phải đối diện với những tình huống uy hiếp của đội khách. </p>\r\n<p dir=\"ltr\">Phút 39, Park Yong-ji ghi bàn gỡ hòa cho Sangju Sangmu với cú dứt điểm cận thành sau tình huống phòng ngự hớ hênh của đội chủ nhà.</p>\r\n<p dir=\"ltr\">Trong hiệp 2, Sangju Sangmu tiếp tục chơi phòng ngự phản công. Phút 55, Incheon nhận bàn thua thứ 2 sau tình huống phòng ngự không tốt khác. Cầu thủ ghi bàn là hậu vệ Jang Ho-ik với cú sút cận thành.</p>\r\n<p dir=\"ltr\">Nhận 2 gáo nước lạnh, Incheon hoàn toàn mất niềm tin. HLV đội chủ nhà thay liền 2 người, không ai trong số đó là Công Phượng. Trong phần còn lại, đội chủ nhà cần rất nhiều may mắn mới không để thua thêm.</p>\r\n<p dir=\"ltr\">Thua trận 1-2, Incheon dậm chân ở vị trí bét bảng. Vòng tới, Công Phượng và các đồng đội sẽ đối đầu với Jeju United vào lúc 17h30 ngày 28/5.</p>', '/img/bg-img/118.jpg', 1, 12, '2019-06-22 00:48:26', 'Chưa duyệt', '2019-06-22 00:48:26', '<p class=\"mb-2\">Trong trận đấu với Sangju Sangmu trên sân nhà vào lúc 18h trong khuôn khổ vòng 13 K-League 2019, Incheon United đã thua trận với tỷ số 1-2. Tiền đạo Công Phượng dự bị cả trận.</p>\r\n', 57, NULL, '2019-05-19 15:37:10', 0);
INSERT INTO `post` VALUES (22, 'Ngủ dậy, đột ngột bị điếc', '<p>Ngồi chờ khám ở Bệnh viện Quân y 108 (Hà Nội), chị Hương Giang (35 tuổi, Hà Tĩnh) rất lo lắng và chia sẻ lại câu chuyện của mình.</p>\r\n<h3>Bị điếc đột ngột vì lý do không đâu!</h3>\r\n<p>Cách đây 2 tuần, sau một giấc ngủ đêm, tỉnh dậy chị Giang bỗng thấy ù tai, cảm giác ong vo vo trong lỗ tai rất khó chịu. Ngày hôm sau, khi tình trạng ù tai chưa giảm, chị lại thêm chứng sổ mũi.</p>\r\n<p>Nghĩ do mệt mỏi, căng thẳng vì công việc, lại thêm cảm cúm nên sức đề kháng giảm gây ù tai, sổ mũi, chị Giang mặc kệ vì nhiều người bàn với chị “ù tai là chuyện bình thường”. Sau 2 tuần, tai chị không chỉ ù mà sức nghe giảm nhanh chóng, thậm chí một bên tai trái của chị khi nghe điện thoại đều không thấy gì.</p>\r\n<p>Sau khi được nội soi, đo thính lực, bác sĩ phát hiện 2 tần số đầu bên tai trái của chị giảm xuống rất nhiều so với mức bình thường. Cùng những kiểm tra khác, bác sĩ chẩn đoán chị bị điếc đột ngột. Tuy nhiên, vì để lâu, chị đã bỏ qua “giai đoạn vàng” để can thiệp cấp cứu. Nguyên nhân tình trạng điếc của chị được xác định có thể do virus gây tổn thương ốc tai (gây sổ mũi), căng thẳng thần kinh.</p>\r\n<table class=\"picture\" align=\"right\">\r\n    <tbody>\r\n        <tr>\r\n            <td class=\"pic\"><img   alt=\"Ngu day, dot ngot bi diec hinh anh 1 \" src=\"https://znews-photo.zadn.vn/w660/Uploaded/lepx/2019_04_12/11_2.jpg\" width=\"567\" height=\"409\" /></td>\r\n        </tr>\r\n        <tr>\r\n            <td class=\"pCaption caption\">Nội soi tai mũi họng ở Bệnh viện 108. Ảnh: <em>TL</em></td>\r\n        </tr>\r\n    </tbody>\r\n</table>\r\n<p>Một người khác là anh Nguyễn Công Huân (40 tuổi, ở Hoài Đức, Hà Nội). Cách đây một tuần, sau khi tắm gội buổi tối, anh ra ban công phơi quần áo, ai ngờ bị trúng gió, miệng nôn trôn tháo. Hôm sau tỉnh dậy anh thấy một bên tai ù, hoa mắt, chóng mặt, buồn nôn. Anh điều trị bằng nhiều phương pháp trị cảm lạnh ở nhà không đỡ, thính lực suy giảm mạnh, vào viện được chẩn đoán là điếc đột ngột. Đi khám ở Bệnh viện Tai Mũi Họng Trung ương (Hà Nội), các bác sĩ chẩn đoán anh bị điếc đột ngột tai trái với tình trạng điếc sâu, cộng thêm việc đi khám chậm trễ sau 7 ngày nên khả năng phục hồi thính lực của anh chưa thể khẳng định.</p>\r\n<p>Bác sĩ chuyên khoa Tai Mũi Họng Phùng Tiến Hiệu (Bệnh viện Quân y 108) cho biết, đây là căn bệnh gây giảm thính lực đột ngột, diễn biến nhanh trong vòng vài giờ đến vài ngày, có thể chỉ sau giấc ngủ, người bệnh thức dậy thấy ù tai, nghe kém, do sự vận chuyển máu đến nuôi dưỡng ốc tai không được thuận lợi.</p>\r\n<p>Theo BS Khưu Minh Thái, Phó trưởng khoa Tai Đầu Mặt Cổ, Bệnh viện Tai Mũi Họng TP.HCM, điếc đột ngột là tình trạng bệnh nghe kém đột ngột một hay cả hai bên tai (thường xảy ra ở một bên tai nhiều hơn). Người bệnh đột nhiên có dấu hiệu ù tai (cảm giác tai có tiếng ù như ve kêu, tiếng cối xay lúa, còi tàu, rì rào…), chóng mặt, cảm giác đầy tai.</p>\r\n<p>Tại Bệnh viện Tai Mũi Họng TP.HCM, số lượng bệnh nhân chẩn đoán điếc đột ngột ngày càng tăng. Có thời điểm, con số này lên tới 80-90 ca/tháng. Mỗi năm, viện này tiếp nhận tới xấp xỉ 1.000 ca điếc đột ngột.</p>\r\n<h3>Stress, căng thẳng là nguyên nhân thường được nhắc đến</h3>\r\n<p>BS Phùng Tiến Hiệu cho hay nguyên nhân của điếc đột ngột chưa có cơ chế bệnh sinh rõ ràng nên cũng chỉ có một vài giả thuyết của các bác sĩ tai mũi họng đưa ra.</p>\r\n<p>Dù nguyên nhân của việc điếc đột ngột rất phức tạp, bệnh thường bắt nguồn từ việc nhiễm siêu vi, do virus như quai bị, cúm, tăng huyết áp đột ngột trên bệnh nhân xơ vữa mạch máu, làm tổn thương tế bào thần kinh ốc tai hoặc do những bệnh về mạch máu, thần kinh bị kích thích như làm việc quá căng thẳng, stress.</p>\r\n<p>Tại Bệnh viện Tai Mũi Họng TPHCM, qua thăm khám, bệnh nhân điếc đột ngột bị thiếu máu vùng tai trong. Tuy nhiên, 90% các trường hợp không rõ nguyên nhân cụ thể vì sao dẫn đến tình trạng này. Các bác sĩ chỉ có thể ghi nhận nguy cơ có thể dẫn đến điếc đột ngột là làm việc căng thẳng, sốc, lo âu quá mức…</p>\r\n<p>Phác đồ điều trị mỗi nơi là khác nhau. Tuỳ theo nguyên nhân sẽ có cơ chế dùng thuốc hay biện pháp can thiệp. Bác sĩ có thể cho bệnh nhân sử dụng các thuốc giãn mạch, corticoid, kháng histamine, kháng sinh và kháng virus. Nếu có chóng mặt thì điều trị chóng mặt kèm theo (nghỉ ngơi, ăn nhẹ và an thần).</p>\r\n<p>Tại khu Tai Mũi Họng theo yêu cầu (Bệnh viện Quân y 108), phác đồ được đưa ra áp dụng cho một số bệnh nhân điếc đột ngột là tăng cường tuần hoàn não, tiêm corticoid (tiêm tĩnh mạch và tiêm vào hòm nhĩ), điều trị oxy cao áp (đây là nơi đầu tiên ứng dụng kỹ thuật này); uống thuốc chống ù, an thần và nghỉ ngơi.</p>\r\n<p>Nhưng điểm chung của các phương pháp điều trị là bệnh nhân phải giữ tinh thần thư thái, giảm bớt áp lực, lo âu, căng thẳng để hiệu quả điều trị được cao nhất và tránh tái phát bệnh.</p>\r\n<p>Điều nguy hiểm là bệnh điếc đột ngột không có triệu chứng báo trước. Bệnh nhân điếc đột ngột có khả năng điều trị phục hồi được thính lực nếu phát hiện và điều trị sớm. Trong đó, sớm là sau vài giờ, sau điều trị tỷ lệ nghe lại được đạt hơn 90% so với ban đầu. Nếu bệnh nhân đến sớm trong vòng 3 ngày thì hiệu quả điều trị đạt trên 60-70%.</p>\r\n<p>Một cảnh báo được nhiều bác sĩ tai mũi họng đưa ra, là không ít người bệnh không để ý thính lực kém một bên tai, không nghĩ mình bị điếc đột ngột nên khi đến khám đã ở trong tình trạng nặng (điếc độ 4).</p>\r\n<p>“Nếu để càng lâu thì sẽ ảnh hưởng đến kết quả điều trị và có thể để lại di chứng nặng nề không nghe được tai đó nữa, ảnh hưởng đến giao tiếp trong cuộc sống cũng như trong công việc”, BS Hiệu cho hay.</p>\r\n<p>Khi nghe “o o, ù ù” trong tai và bị choáng nhẹ mà không trở về bình thường, người dân nên há miệng ngáp dài và nuốt nước miếng để máu tưới đều giúp  tai hoạt động trở lại.</p>\r\n<p>Nếu tiếng “o o, u u” vẫn còn sau khi lặp lại việc nuốt nước miếng vài lần thì nên nghĩ ngay đến bệnh điếc đột ngột và tìm đến bệnh viện có chuyên khoa Tai Mũi Họng điều trị càng sớm càng tốt.</p>', '/img/bg-img/119.jpg', 2, 2, '2019-06-22 00:48:27', 'Từ chối', '2019-06-22 00:48:27', '<p class=\"mb-2\">Tỉnh dậy sau giấc ngủ đêm, chị Hương Giang phát hiện bị ù tai. Đi khám khi tai nghe kém, chị rụng rời vì bác sĩ chẩn đoán bị điếc đột ngột.</p>\r\n', 0, 'Bài viết gây ảnh hưởng bạo động, chính trị', '2019-02-20 15:37:14', 0);
INSERT INTO `post` VALUES (23, 'Trà xanh và muôn vàn công dụng với áo quần', '<p>Không chỉ là nguyên liệu cho thức uống yêu thích của người Việt từ bao đời, trà xanh ngày nay được biến tấu để phát huy hết công dụng, trong đó có cả với trang phục.</p>\r\n<h3>Máy lọc không khí tự nhiên</h3>\r\n<p>Khi mức độ ô nhiễm không khí gia tăng tỷ lệ thuận với mức nhiệt kỷ lục ở các thành phố, những chiếc máy lọc không khí đang dần trở thành thiết bị phải có trong mỗi ngôi nhà Việt. Tương tự, trà xanh cũng chính là giải pháp cho áo quần thời đại “không phân biệt được đâu là sương đâu là khói bụi”.</p>\r\n<p>Thực chất, điều này không quá bất ngờ bởi trà xanh vốn có tiếng trong việc khử mùi hôi và mùi cơ thể. Ngoài khả năng giúp kìm hãm việc tiết mồ hôi, catechin trong trà xanh là một chất chống oxy hóa mạnh giúp chống lại các vi khuẩn gây mùi khó chịu trên áo quần trong cả một ngày dài.</p>\r\n<table class=\"picture\" align=\"center\">\r\n    <tbody>\r\n        <tr>\r\n            <td class=\"pic\"><img   alt=\"Tra xanh va muon van cong dung voi ao quan hinh anh 1 \" src=\"https://znews-photo.zadn.vn/w660/Uploaded/wyhktpu/2019_05_24/image001_8.jpg\" width=\"861\" height=\"1076\" /></td>\r\n        </tr>\r\n        <tr>\r\n            <td class=\"pCaption caption\">Trà xanh đóng vai trò như máy lọc không khí.</td>\r\n        </tr>\r\n    </tbody>\r\n</table>\r\n<h3>Vũ khí chống mốc trong thời tiết ẩm ương</h3>\r\n<p>Ai cũng từng gặp phải tình trạng quần áo lâu khô khi phơi nơi thiếu nắng gió hoặc vào mùa mưa hay nồm ẩm. Những đốm mốc li ti trên trang phục yêu thích là điều bạn không muốn đối mặt sau một ngày dài.</p>\r\n<table class=\"picture\" align=\"center\">\r\n    <tbody>\r\n        <tr>\r\n            <td class=\"pic\"><img   alt=\"Tra xanh va muon van cong dung voi ao quan hinh anh 2 \" src=\"https://znews-photo.zadn.vn/w660/Uploaded/wyhktpu/2019_05_24/00.jpg\" width=\"1000\" height=\"667\" /></td>\r\n        </tr>\r\n        <tr>\r\n            <td class=\"pCaption caption\">Quần áo thường xuất hiện xâm kim khi thời tiết ẩm ương.</td>\r\n        </tr>\r\n    </tbody>\r\n</table>\r\n<p>Một lần nữa, trà xanh lại chứng tỏ được sự đa năng của mình. Tinh dầu trà xanh từ lâu đã được giới y khoa đánh giá cao về tính kháng khuẩn và khả năng chống nấm mốc hiệu quả. Hoạt chất tannin giúp loại bỏ nấm mốc trong diện rộng và tiêu diệt gần như mọi loại nấm mốc thông thường.</p>\r\n<p>Bí quyết dân gian để giải quyết vấn đề muôn thuở này là đặt một túi vải nhỏ chứa bã trà xanh ở những khu vực có độ ẩm cao trong tủ quần áo. Lượng ẩm sẽ bị hút bớt đi, trong khi mùi hôi hám và hiện tượng nấm mốc cũng được ngăn ngừa. Hiện đại và tiện lợi hơn nữa, bạn cũng có thể sử dụng những sản phẩm có chứa chiết xuất từ trà xanh trên thị trường.</p>\r\n<p><span style=\"font-size: 22px; font-weight: bold; font-family: serif;\">Cảm hứng thiên nhiên tích cực</span></p>\r\n<p>Mùi hương, đặc biệt là hương thơm được chiết xuất thiên nhiên 100% như trà xanh, có tác dụng trong việc xoa dịu các vết thương cả về mặt vật lý và cảm xúc, cũng như duy trì cơ thể khỏe mạnh.</p>\r\n<p>Việc sử dụng những sản phẩm có chứa chiết xuất thiên nhiên 100%, trong đó có trà xanh, không chỉ hiệu quả trong việc thanh lọc cơ thể và quần áo, khiến người mặc luôn cảm giác tươi mới và thoải mái, mà còn góp phần bảo vệ môi trường.</p>\r\n<table class=\"picture\" align=\"center\">\r\n    <tbody>\r\n        <tr>\r\n            <td class=\"pic\"><img   alt=\"Tra xanh va muon van cong dung voi ao quan hinh anh 3 \" src=\"https://znews-photo.zadn.vn/w660/Uploaded/wyhktpu/2019_05_24/image005_7.jpg\" width=\"828\" height=\"1036\" /></td>\r\n        </tr>\r\n        <tr>\r\n            <td class=\"pCaption caption\">Sản phẩm có chiết xuất 100% trà xanh thiên nhiên mang đến cảm xúc tích cực.</td>\r\n        </tr>\r\n    </tbody>\r\n</table>\r\n<p>Một dòng sản phẩm dành riêng cho áo quần đặc biệt thân thiện với môi trường mới được Comfort ra mắt cuối năm 2018 - Comfort Nature Thanh lọc Khử mùi, đã chiếm được tình cảm không chỉ bà nội trợ mà cả các biểu tượng của giới trẻ.</p>\r\n<p>Chứa chiết xuất trà xanh và hoa nhài 100% được biết đến với công dụng thanh lọc chất giặt tẩy dư thừa và khử mùi hôi không mong muốn trên áo quần, Comfort Nature Thanh lọc khử mùi như trợ thủ đắc lực cho chị em trong việc bảo vệ những bộ quần áo khỏi ẩm mốc khi phơi trong nhà. Comfort Nature còn được đánh giá cao khi khi chứa thành phần phân hủy sinh học đến 100% và bao bì làm từ nhựa tái chế 100%. </p>\r\n<p>Trong khi cả thế giới đang hướng đến một cuộc sống xanh hơn, đây là một điểm cộng lớn đối với người tiêu dùng thời đại mới. Độc giả tìm hiểu thêm về sản phảm Comfort Nature cùng với những món quà tặng thiên nhiên đến từ Comfort <a href=\"https://brand-vn.shortlyst.com/comfort/5220?utm_source=Facebook_ULV&amp;utm_medium=displayULV&amp;utm_campaign=Comfort-Caviar-PR\"><em><strong>tại đây</strong></em></a>.</p>', '/img/bg-img/120.jpg', 2, 6, '2019-06-22 00:48:28', 'Đã duyệt', '2019-06-22 00:48:28', '<p class=\"mb-2\">Bạn có nghĩ nguyên liệu đáp ứng phương châm sống thân thiện môi trường như trà xanh cũng sở hữu những tính năng hữu ích khi áp dụng trên trang phục hàng ngày?</p>\r\n', 35, NULL, '2019-05-27 15:37:24', 1);
INSERT INTO `post` VALUES (24, 'Bác sĩ giúp sản phụ nặng 102 kg sinh mổ thành công', '<p>Nữ bệnh nhân 27 tuổi, quê Bình Phước, được chuyển đến Bệnh viện Từ Dũ, TP.HCM ngày 14/5 trong tình trạng thai 36 tuần, vỡ ối, chuyển dạ sinh non, tiền sản giật nặng.</p>\r\n<p>Quá trình chuyển dạ, do đầu thai nhi không xoay xuống hoàn toàn, các bác sĩ quyết định mổ sinh. Do sản phụ béo phì, lượng thuốc tê sử dụng phải tăng lên rất nhiều theo cân nặng. </p>\r\n<p>Ca mổ diễn ra thành công, dù bác sĩ gặp nhiều khó khăn. Em bé chào đời nặng 3,7 kg, vàng da sơ sinh, viêm phổi, nghi dạng nhẹ khớp háng. Bé được chăm sóc tại khoa Sơ sinh và khám vật lý trị liệu.</p>\r\n<p>Nhiều năm nay, sản phụ này tưởng chừng không thể có con, do di truyền béo phì. Chị lập gia đình năm 22 tuổi, sau khi mang bầu 6 tuần thì bị sảy thai. </p>\r\n<p>“Lần này, tôi bị nghén rất nặng và ba tháng đầu thai kỳ chỉ thèm uống nước ngọt. Từ 85 kg trước khi mang thai, sau ba tháng, tôi tăng lên 10 kg, sinh con tăng tổng cộng 17 kg”, sản phụ nói.</p>\r\n<table class=\"picture\" align=\"center\">\r\n    <tbody>\r\n        <tr>\r\n            <td class=\"pic\"><img   alt=\"Bac si giup san phu nang 102 kg sinh mo thanh cong hinh anh 1 \" src=\"https://znews-photo.zadn.vn/w660/Uploaded/mdf_reovdl/2019_05_22/thai_phu_102_kg_1.jpg\" width=\"665\" height=\"449\" /></td>\r\n        </tr>\r\n        <tr>\r\n            <td class=\"pCaption caption\">Sản phụ hạnh phúc sau thời gian khó có con vì béo phì. Ảnh:&nbsp;<em>MT.</em></td>\r\n        </tr>\r\n    </tbody>\r\n</table>\r\n<p>Theo các chuyên gia sản khoa, mẹ béo phì chỉ nên tăng từ 5-7 kg trong suốt thai kỳ. Các bác sĩ khuyên sản phụ sau khi xuất viện cố gắng vận động nhiều và chú ý dinh dưỡng để giảm cân càng nhiều càng tốt, tích cực cho con bú sữa mẹ. </p>\r\n<p>Mỗi ngày, Bệnh viện Từ Dũ có khoảng 10 thai phụ đến tư vấn liên quan đái tháo đường và béo phì trong thai kỳ. Đơn vị này cũng tiếp nhận nhiều ca sinh khá phức tạp với sản phụ béo phì.</p>\r\n<p>Theo bác sĩ, béo phì ở phụ nữ khiến việc thụ thai và khả năng sinh sản gặp nhiều khó khăn. Trong giai đoạn mang thai của bà bầu béo phì, việc theo dõi thai kỳ khá phức tạp. Mẹ bầu béo phì có nguy cơ tăng huyết áp, tiền sản giật và nhiều biến chứng nguy hiểm. </p>\r\n<p>Ngoài ra, nguy cơ mẹ bầu béo phì sinh non cũng tăng 2-3 lần kèm theo quá trình sinh nở, hậu sản đối diện nhiều rủi ro.  Đặc biệt, trẻ chào đời thường có cân nặng trên 4 kg kéo theo nguy cơ béo phì trong tương lai.</p>\r\n<p>Thai phụ cần chú ý chế độ dinh dưỡng, thu nạp vitamin D từ ánh nắng mặt trời, ăn các loại ngũ cốc nguyên hạt, trái cây, rau xanh. Đồng thời, sản phụ nên hạn chế ăn thực phẩm chiên, không sử dụng thực phẩm hoặc thức uống có đường,  ăn thật chậm, nhai kỹ.</p>\r', '/img/bg-img/121.jpg', 2, 12, '2019-06-22 00:48:29', 'Từ chối', '2019-06-22 00:48:29', '<p class=\"mb-2\">Sản phụ tăng 17 kg trong suốt thai kỳ khiến các bác sĩ gặp nhiều khó khăn khi tiếp cận thai nhi.</p>\r\n', 1, 'Bài viết không đúng so với thực tế', '2019-06-12 15:37:29', 0);
INSERT INTO `post` VALUES (25, 'Học phụ nữ Nhật 5 bí quyết vàng cho làn da mộc sáng khỏe', '<p>Làn da tươi trẻ hơn tuổi thật của phụ nữ Nhật luôn là niềm ao ước của phái nữ, và bạn sẽ bất ngờ hơn bởi những bí quyết chăm sóc da của họ đều xuất phát từ những điều giản đơn, có thể áp dụng mỗi ngày.</p>\r\n<h3>Chủ động, đúng lúc và kiên trì</h3>\r\n<p>“Chủ động thực hiện một việc gì đó, thứ bạn nhận được sẽ là thành quả chứ không chỉ là kết quả”, câu nói quen thuộc này đúng với cả việc chăm sóc da. Mỗi cô gái trẻ Nhật Bản đều chủ động hiểu làn da để biết cần gì, thiếu gì, từ đó lên kế hoạch chăm sóc phù hợp.</p>\r\n<table class=\"picture\" align=\"center\">\r\n    <tbody>\r\n        <tr>\r\n            <td class=\"pic\"><img   alt=\"Hoc phu nu Nhat 5 bi quyet vang cho lan da moc sang khoe hinh anh 1 \" src=\"https://znews-photo.zadn.vn/w660/Uploaded/wyhktpu/2019_05_21/image001_8.jpg\" width=\"989\" height=\"659\" /></td>\r\n        </tr>\r\n        <tr>\r\n            <td class=\"pCaption caption\">Nana Komatsu - nữ diễn viên Nhật Bản sở hữu làn da mộc đáng mơ ước nhờ phương pháp chăm sóc da đúng cách, phù hợp với nhu cầu của làn da.<strongr></strongr></td>\r\n        </tr>\r\n    </tbody>\r\n</table>\r\n<p>Bạn không nhìn thấy sự hấp tấp, mất trật tự ở họ. Tất cả dường như được kiểm soát theo nhịp điệu chính xác, tạo lập thói quen kiên nhẫn từng chút để đạt được thành quả lớn trong hành trình dài. Quan điểm chờ da có dấu hiệu tổn thương mới chăm sóc không tồn tại trong tư tưởng phụ nữ xứ phù tang bởi việc phục hồi luôn khó hơn bảo vệ rất nhiều. Đó là lý do phụ nữ Nhật thường trẻ hơn tuổi thật và hơn ngoại hình của phụ nữ nhiều nơi khác.</p>\r\n<h3>Bảo vệ da với kem chống nắng</h3>\r\n<p>Tia UV xuất hiện bất kể tiết trời nắng nóng hay mát mẻ, ở biển xa, đô thị, hay cả trong văn phòng… Phụ nữ Nhật hiểu rằng, tác hại của tia UV là nguyên nhân hàng đầu gây lão hóa da. Vì vậy, dù bận rộn thế nào, họ vẫn luôn đồng hành cùng kem chống nắng. </p>\r\n<p>Đây là bước bảo vệ da quan trọng để gìn giữ nét thanh xuân. Ý thức về một hàng rào bảo vệ, ngăn ngừa tác hại từ môi trường để giúp da sáng khỏe luôn nằm trong công cuộc dưỡng da của phụ nữ nơi đây.</p>\r\n<h3>Hạn chế trang điểm</h3>\r\n<p>Trang điểm chưa bao giờ là yếu tố then chốt quyết định vẻ đẹp rạng ngời của phụ nữ xứ hoa anh đào. Họ trân trọng vẻ đẹp mộc tự nhiên được chăm sóc mỗi ngày, khi đó chỉ cần màu son thanh nhã, đường eyeliner mảnh thêm chút chì kẻ mày đã đủ tạo thêm đường nét cho gương mặt thanh tú. Đó là cách để họ thêm tin yêu bản thân và tận hưởng trọn vẹn cuộc sống mỗi ngày.</p>\r\n<table class=\"picture\" align=\"center\">\r\n    <tbody>\r\n        <tr>\r\n            <td class=\"pic\"><img   alt=\"Hoc phu nu Nhat 5 bi quyet vang cho lan da moc sang khoe hinh anh 2 \" src=\"https://znews-photo.zadn.vn/w660/Uploaded/wyhktpu/2019_05_21/image003_7.jpg\" width=\"499\" height=\"660\" /></td>\r\n        </tr>\r\n        <tr>\r\n            <td class=\"pCaption caption\">Phụ nữ Nhật yêu chuộng trang điểm nhẹ nhàng để làn da được “thở”.</td>\r\n        </tr>\r\n    </tbody>\r\n</table>\r\n<p>Bên cạnh đó, việc hạn chế trang điểm giúp làn da được hít thở, giảm thiểu sự xâm nhập của hóa chất mỹ phẩm. Đây cũng chính là tiền đề của một là da mộc khỏe, đẹp và ngăn ngừa các dấu hiệu lão hóa sớm.</p>\r\n<h3>Tắm suối nước nóng</h3>\r\n<p>Với hệ thống núi lửa thiên nhiên, Nhật Bản được thừa hưởng hàng nghìn dòng suối nước nóng có tác dụng quý giá đối với sức khỏe. Nước luôn duy trì ở trạng thái ấm nóng, giúp thúc đẩy quá trình máu lưu thông lên não, làm giãn các dây thần kinh. Điều này mang lại cảm giác sảng khoái sau những giờ làm việc căng thẳng.</p>\r\n<p>Hơn thế nữa, tắm nước nóng giúp “mở khóa” lỗ chân lông, đào thải bụi bẩn, độc tố ra khỏi da. Từ đó, da được thanh lọc, thông thoáng, khỏe mạnh, gia tăng quá trình tái tạo tự nhiên. Một làn da sáng và khỏe nhờ tắm onsen là điểm cộng khiến phụ nữ Nhật duy trì thói quen này. </p>\r\n<table class=\"picture\" align=\"center\">\r\n    <tbody>\r\n        <tr>\r\n            <td class=\"pic\"><img   alt=\"Hoc phu nu Nhat 5 bi quyet vang cho lan da moc sang khoe hinh anh 3 \" src=\"https://znews-photo.zadn.vn/w660/Uploaded/wyhktpu/2019_05_21/image005_5.jpg\" width=\"989\" height=\"659\" /></td>\r\n        </tr>\r\n        <tr>\r\n            <td class=\"pCaption caption\">Phụ nữ Nhật duy trì thói quen tắm suối nước nóng để giữ gìn sức khỏe, làn da.</td>\r\n        </tr>\r\n    </tbody>\r\n</table>\r\n<p>Tại Việt Nam, việc tắm suối nước nóng còn hạn chế do sự khác biệt về thiên nhiên. Vì vậy, bạn có thể sử dụng các phương pháp xông hơi, tắm bùn khoáng... với cơ chế hoạt động tương tự để đào thải độc tố cho da.</p>\r\n<h3>Chú trọng nguồn gốc thiên nhiên </h3>\r\n<p>Cách chăm sóc làn da hướng đến thiên nhiên vẫn luôn có chỗ đứng vững vàng trong đời sống hiện đại của phụ nữ xứ phù tang. Họ tin rằng con đường đi tới sức khỏe làn da bắt đầu từ khả năng sửa chữa tổn thương của thực vật. Một sản phẩm được chọn lọc từ nhóm thực vật tối ưu sẽ giúp tăng cường khả năng thanh lọc, thúc đẩy sự tự nuôi dưỡng và phát triển của tế bào. Việc sử dụng mỹ phẩm còn giúp họ hạn chế bớt các yếu tố hóa học - về lâu dài có thể gây nên sự tổn thương cho sức khỏe làn da.</p>\r\n<p>Hoa trà Nhật Bản (camellia) và trà xanh là hai trong những thành phần làm đẹp thiên nhiên được ưu ái tại đất nước này. Thưởng một tách trà xanh mỗi sáng là thói quen được phụ nữ Nhật duy trì, bởi trà xanh có tính kháng viêm, giúp chống lại quá trình oxy hoá và những tác động của tia cực tím. Trong khi đó, hoa trà mang đến 83% thành phần dưỡng ẩm tự nhiên acid oleic, hàm lượng các chất chống oxy hóa, giúp tăng cường sản sinh collagen nhờ tác động đến các tế bào sợi bên dưới da.</p>\r\n<table class=\"picture gallery\" align=\"center\">\r\n    <tbody>\r\n        <tr>\r\n            <td class=\"pic\"><img   alt=\"Hoc phu nu Nhat 5 bi quyet vang cho lan da moc sang khoe hinh anh 4 \" src=\"https://znews-photo.zadn.vn/w660/Uploaded/wyhktpu/2019_05_21/image007_4.jpg\" width=\"590\" height=\"393\" /><img   alt=\"Hoc phu nu Nhat 5 bi quyet vang cho lan da moc sang khoe hinh anh 5 \" src=\"https://znews-photo.zadn.vn/w660/Uploaded/wyhktpu/2019_05_21/image009_3.jpg\" width=\"601\" height=\"401\" /></td>\r\n        </tr>\r\n        <tr>\r\n            <td class=\"pCaption caption\">Hoa trà đỏ và trà xanh là 2 thành phần làm đẹp thiên nhiên được ưu ái bậc nhất tại Nhật Bản.</td>\r\n        </tr>\r\n    </tbody>\r\n</table>\r\n<p>Nếu yêu thích bí quyết chăm sóc da của phụ nữ Nhật, Mentholatum Botanic chính là chìa khóa dưỡng da kiểu mới. Giàu dưỡng chất từ hệ 8 loại thực vật được chọn lọc và nghiên cứu: Hoa trà Nhật Bản, trà xanh, ngô lên men, dừa, lúa mì, cam, cam thảo, olive - tổng hòa mang lại khả năng sửa chữa những thương tổn, loại bỏ các tác nhân gây hại, nuôi dưỡng làn da mộc sáng khỏe từ sâu bên trong.</p>\r\n<br />\r\n<table class=\"picture\" align=\"center\">\r\n    <tbody>\r\n        <tr>\r\n            <td class=\"pic\"><img   alt=\"Hoc phu nu Nhat 5 bi quyet vang cho lan da moc sang khoe hinh anh 6 \" src=\"https://znews-photo.zadn.vn/w660/Uploaded/wyhktpu/2019_05_21/image011.jpg\" width=\"499\" height=\"660\" /></td>\r\n        </tr>\r\n        <tr>\r\n            <td class=\"pCaption caption\">Mentholatum Botanic, bộ sản phẩm hội tụ triết lý chăm sóc của phụ nữ xứ hoa anh đào.<strongr></strongr></td>\r\n        </tr>\r\n    </tbody>\r\n</table>\r\n<p>Mentholatum Botanic gồm 3 sản phẩm, giúp tối ưu hóa khả năng chăm sóc da trên nguyên tắc thanh lọc và tái tạo, tập trung vào những điều da thực sự cần, để các tinh chất thiên nhiên tự phát huy tối đa hiệu quả. Sản phẩm phù hợp cho mọi loại da bởi các thành phần chiết xuất thực vật, loại bỏ dầu khoáng và paraben, giúp lấy lại nét mộc sáng khỏe.</p>\r\n<p><span style=\"font-size: 16px; color: #000000;\">Với sản phẩm dựa trên triết lý làm đẹp Nhật Bản như Mentholatum Botanic, đồng hành cùng bí quyết “vàng”, phụ nữ có thể hy vọng tìm thấy phương pháp nuôi dưỡng tốt để làn da mộc tỏa sáng mỗi ngày. Độc giả tham khảo thông tin chi tiết sản phẩm Mentholatum Botanic tại<strong><em> </em></strong></span><a href=\"https://rohto.com.vn/index.php?m=mentholatum-botanic\"><strong><em>website</em></strong></a><span style=\"font-size: 16px; color: #000000;\">&nbsp;hoặc<strong><em> </em></strong></span><a href=\"https://www.facebook.com/Mentholatum-Botanic-824318484576650/\"><strong><em>fanpage</em></strong></a><span style=\"font-size: 16px; color: #000000;\">.</span></p>', '/img/bg-img/122.jpg', 2, 2, '2019-06-22 00:48:31', 'Chưa duyệt', '2019-06-22 00:48:31', '<p class=\"mb-2\">Phụ nữ xứ phù tang nổi tiếng với làn da tươi trẻ dù không cần điểm tô son phấn. Bạn cũng có thể sở hữu làn da sáng khỏe nhờ những phương pháp chọn lọc và gắn bó với phụ nữ Nhật.</p>\r\n', 22, NULL, '2019-06-08 15:37:34', 0);
INSERT INTO `post` VALUES (26, 'Giải pháp nào cho trẻ suy dinh dưỡng, thấp còi?', '<p>Đến nay, Việt Nam vẫn nằm trong số 36 quốc gia có tỷ lệ suy dinh dưỡng, thấp còi cao trên phạm vi toàn cầu. Theo <em>Tổng cục Thống kê</em>, tính sơ bộ đến năm 2017, tỷ lệ trẻ em dưới 5 tuổi bị suy dinh dưỡng, thấp còi tại Việt Nam vẫn là 24,2%, một con số đáng báo động. Nghĩa là, cứ khoảng 4 trẻ sẽ có một trẻ bị suy dinh dưỡng, thấp còi. Đặc biệt, tình trạng này diễn ra không chỉ ở vùng nông thôn nghèo khó mà ngay tại nhiều đô thị lớn, hoặc trong gia đình có điều kiện chăm sóc con cái tốt vẫn phải đối mặt với nguy cơ bé bị suy dinh dưỡng, thấp còi.</p>\r\n<p>Suy dinh dưỡng không gây ra hậu quả nguy hiểm tức thời, nhưng nếu kéo dài sẽ ảnh hưởng xấu đến sức khỏe cũng như sự phát triển về sau của bé. Cụ thể, tình trạng này tăng tỷ lệ tử vong ở trẻ em dưới 5 tuổi. Trẻ dễ mắc bệnh nhiễm trùng: Nhiễm trùng hô hấp, tiêu chảy... thường nặng, kéo dài. Bệnh ăn uống kém nhưng nhu cầu năng lượng gia tăng làm cho suy dinh dưỡng trở nên nặng nề hơn. </p>\r\n<table class=\"picture\" align=\"center\">\r\n    <tbody>\r\n        <tr>\r\n            <td class=\"pic\"><img   alt=\"Giai phap nao cho tre suy dinh duong, thap coi? hinh anh 1 \" src=\"https://znews-photo.zadn.vn/w660/Uploaded/wyhktpu/2019_05_02/image001_2.jpg\" width=\"1034\" height=\"688\" /></td>\r\n        </tr>\r\n        <tr>\r\n            <td class=\"pCaption caption\">GrowPlus+ được nhiều phụ huynh lựa chọn cho con mình.</td>\r\n        </tr>\r\n    </tbody>\r\n</table>\r\n<p><span style=\"font-size: 16px; color: #000000;\"></span>Ngoài ra, trẻ có thể chậm phát triển thể chất, trí não; giảm phát triển hệ cơ xương, ảnh hưởng chiều cao, tầm vóc. Giảm phát triển trí não do thiếu dưỡng chất cho não: Chất béo, chất đường, sắt, iốt, DHA, taurine... Trẻ chậm chạp, giao tiếp xã hội thường kém, giảm học hỏi, tiếp thu.</p>\r\n<p>Còn nhiều hệ quả khác như nguy cơ béo phì sau giai đoạn suy dinh dưỡng do thấp chiều cao. Khả năng làm việc, lao động kém hơn khi trưởng thành. Trẻ dễ trở thành người phụ nữ thấp bé/trẻ gái suy dinh dưỡng dẫn đến nguy cơ sinh con suy dinh dưỡng.</p>\r\n<p>Để phát hiện và khắc phục sớm tình trạng suy dinh dưỡng, thấp còi cho trẻ, trước tiên cần theo dõi các chỉ số cân nặng, chiều cao của bé thường xuyên. Ngay khi phát hiện dấu hiệu tăng chậm hoặc chững lại, phụ huynh hãy đưa trẻ đi khám ở bác sĩ chuyên khoa nhi để được tư vấn và điều trị kịp thời. Nếu không may, trẻ đã bị suy dinh dưỡng, thấp còi, cần phải tích cực cải thiện thực đơn để con bắt kịp đà phát triển về cân nặng cũng như chiều cao với những trẻ cùng độ tuổi.</p>\r\n<p>Để cơ thể tăng trưởng và phát triển tốt, thực đơn cho bé là vấn đề phải được quan tâm. Trong đó, chế độ ăn cần đáp ứng hai nguyên tắc: Tăng năng lượng và chất dinh dưỡng cho trẻ. Phụ huynh nên bổ sung thêm lượng dầu mỡ để cung cấp năng lượng gấp đôi chất bột và chất đạm, đặc biệt dầu cá hồi, dầu thực vật… </p>\r\n<p>Về việc tăng chất dinh dưỡng cho trẻ, bên cạnh 3 bữa chính, hãy tăng thêm 2-3 bữa ăn phụ với sữa, sữa chua và phô mai. Mỗi bữa chính yêu cầu phải cho trẻ ăn đa dạng, đổi món và phải đảm bảo có đủ 4 nhóm chất dinh dưỡng bao gồm: Chất bột có trong gạo, nếp hoặc các hạt họ đậu…; chất đạm có trong thịt, cá, trứng, sữa…; chất béo có trong dầu ăn, mỡ động vật; vitamin và khoáng chất có trong các loại rau lá màu xanh đậm, củ quả màu vàng, đỏ, cam...</p>\r\n<p>Đặc biệt, có thể bổ sung dưỡng chất cho trẻ bằng sữa GrowPlus+ của NutiFood, sản phẩm đặc chế cho bệnh suy dinh dưỡng, thấp còi ở trẻ.</p>\r\n<p>Là sản phẩm đặc trị tiên phong ra đời những năm 2012, GrowPlus+ được đầu tư nghiên cứu với quy trình khoa học để xây dựng công thức đặc chế hiệu quả trên nền tảng: Hệ dưỡng chất tối ưu và ngon miệng. Gói gọn trong sản phẩm là công thức đặc trị Weight Pro+ vói 5 tổ hợp dưỡng chất thiết yếu giàu năng lượng (trung bình 4 hộp GrowPlus+ cung cấp 600 kcal, tương đương với ba chén cơm), đặc biệt bổ sung MCT - chất béo chuyển hóa nhanh dễ hấp thu. </p>\r\n<p>Bên cạnh đó, sản phẩm còn bổ sung lysin, kẽm, FOS/ Inulin, vitamin nhóm B giúp trẻ thèm ăn, ăn ngon hơn và hỗ trợ sức khỏe tiêu hóa, ngăn ngừa táo bón. Với selen, vitamin A-C-E giúp tăng cường khả năng bảo vệ, phòng tránh bệnh tật cho cơ thể. GrowPlus+ còn giúp trẻ phát triển trí não thông qua việc bổ sung DHA, AA, taurin, cholin. Đồng thời, mùi vị thơm ngon, dễ uống dễ dàng thuyết phục nhiều trẻ sử dụng, hợp tác cải thiện sức khỏe bản thân… Đó chính là bí quyết giúp sản phẩm được trẻ yêu thích. Từ chỗ thích uống dẫn đến dễ tiếp nhận và hấp thu dưỡng chất, giúp các em nhanh chóng tăng cân, tăng chiều cao. </p>\r\n<p>Với chất lượng được đảm bảo bởi hệ thống quản lý chất lượng ABS - QE, Mỹ, GrowPlus+ còn được chứng nhận lâm sàng bởi Viện Dinh dưỡng, cho thấy hiệu quả cải thiện rõ rệt đối với tình trạng trẻ suy dinh dưỡng, thấp còi. Sản phẩm giảm tỷ lệ trẻ bị mắc bệnh nhiễm khuẩn hô hấp trên, giảm tiêu chảy, táo bón, từ đó giúp trẻ tăng cân và tăng chiều cao sau 3 tháng, giảm tỷ lệ biếng ăn 45,9%. Đặc biệt, những hiệu quả này còn được đến 93,4% các mẹ tin dùng cho các bé.</p>\r', '/img/bg-img/123.jpg', 2, 6, '2019-06-22 00:48:35', 'Đã duyệt', '2019-06-22 00:48:35', '<p class=\"mb-2\">Cán mốc phục vụ hơn 1 triệu ly sữa mỗi ngày, 3 năm liên tiếp đứng đầu ngành sữa đặc trị trẻ em, GrowPlus+ của NutiFood đã đưa ra giải pháp cho trẻ suy dinh dưỡng thấp còi.</p>', 46, NULL, '2019-06-05 15:37:37', 1);
INSERT INTO `post` VALUES (47, 'Sài Gòn có nơi lún 0,8 m do khai thác nước ngầm quá mức', '<p>Sáng 18/6, Bộ trưởng Tài nguyên và Môi trường <a href=\"https://news.zing.vn/tieu-diem/tran-hong-ha.html\" title=\"Tin tức Trần Hồng Hà\" class=\"topic person autolink\" topic-id=\"4809\">Trần Hồng Hà</a> chủ trì diễn đàn chuyên đề “Quản lý tài nguyên nước, lũ lụt, xâm nhập mặn, ứng phó với sụt lún, sạt lở ở vùng Đồng bằng sông Cửu Long”. </p>\r\n<p>Đây là một trong bốn chủ đề chính của Hội nghị đánh giá kết quả 2 năm triển khai thực hiện Nghị quyết số 120/NQ-CP của Chính phủ về phát triển bền vững Đồng bằng sông Cửu Long (ĐBSCL) thích ứng với biến đổi khí hậu.</p>\r\n<table class=\"picture\" align=\"center\">\r\n    <tbody>\r\n        <tr>\r\n            <td class=\"pic\"><img   alt=\"Sai Gon co noi lun 0,8 m do khai thac nuoc ngam qua muc hinh anh 1 \" src=\"https://znews-photo.zadn.vn/w660/Uploaded/yejutm/2019_06_18/pham_hong_ha.jpg\" width=\"1024\" height=\"685\" /></td>\r\n        </tr>\r\n        <tr>\r\n            <td class=\"pCaption caption\">Bộ trưởng Trần Hồng Hà mong muốn nhận được ý kiến đóng góp, thảo luận của các chuyên gia, nhà đầu tư về quản lý tài nguyên nước. Ảnh: <em>Báo TN&amp;MT.</em></td>\r\n        </tr>\r\n    </tbody>\r\n</table>\r\n<p>Bộ trưởng Trần Hồng Hà cho biết ĐBSCL đóng vai trò quan trọng trong đảm bảo an ninh lương thực và phát triển kinh tế quốc gia. Tuy nhiên, khu vực này đang phải đối diện với nhiều khó khăn, thách thức như chịu tác động của nước biển dâng, khai thác sử dụng nước gia tăng từ các quốc gia thượng nguồn sông Mekong.</p>\r\n<p>Bên cạnh đó, các tỉnh phải đối mặt với áp lực tăng dân số và phát triển kinh tế dẫn đến nhu cầu sử dụng nước gia tăng cũng như tình trạng ô nhiễm nguồn nước. Mặt khác, việc phát triển giao thông chưa gắn kết được với nhiệm vụ bảo vệ nguồn nước và sụt lún đất… </p>\r\n<p>Ông Hoàng Văn Bẩy, Cục trưởng Quản lý Tài nguyên nước (Bộ Tài nguyên và Môi trường) cho biết kết quả đo mốc cao độ giai đoạn 2014-2017 tại 339 mốc đo ở TP.HCM và ĐBSCL cho thấy có đến 306 mốc lún so với năm 2005.</p>\r\n<p>Trong số này, lún nặng nhất là ở phường An Lạc (quận Bình Tân, TP.HCM), lên đến 81,4 cm và phường 1 (thị xã Bạc Liêu, tỉnh Bạc Liêu) là 62,2 cm. Điều đáng lo ngại là lún đang diễn ra với tốc độ cao, như phường An Lạc khoảng 6,8 cm/năm, xã Bình Thành (huyện Lấp Vò, tỉnh Đồng Tháp) là 5,74 cm/năm…</p>\r\n<table class=\"picture\" align=\"center\">\r\n    <tbody>\r\n        <tr>\r\n            <td class=\"pic\"><img   alt=\"Sai Gon co noi lun 0,8 m do khai thac nuoc ngam qua muc hinh anh 2 \" src=\"https://znews-photo.zadn.vn/w660/Uploaded/yejutm/2019_06_18/bo_hoang_5_zing.jpg\" width=\"1980\" height=\"1297\" /></td>\r\n        </tr>\r\n        <tr>\r\n            <td class=\"pCaption caption\">Một công trình ở quận 6 bị sụt lún. Ảnh: <em>Lê Quân.</em></td>\r\n        </tr>\r\n    </tbody>\r\n</table>\r\n<p>Căn cứ vào mức độ đo được, Cục Quản lý Tài nguyên nước đã phân vùng sơ bộ, &nbsp;trong đó vùng lún trên 10 cm có diện tích khoảng 3.400 km2 ở 7 tỉnh gồm Vĩnh Long, Hậu Giang, Sóc Trăng, Đồng Tháp, An Giang, Bạc Liêu, Cà Mau và 2 thành phố là TP.HCM và Cần Thơ.</p>\r\n<p>Nguyên nhân sụt lún được xác định có liên quan đến hoạt động khai thác nước ngầm và suy giảm mực nước ngầm. Thống kê ở  ĐBSCL và TP.HCM có khoảng 9.650 giếng cấp nước tập trung có quy mô trên 10 m3/ngày phục vụ sinh hoạt và sản xuất với tổng lưu lượng khai thác gần 2 triệu m3/ngày. Trong đó, TP.HCM có đến 1.920 giếng, với lưu lượng khai thác 519.000 m3/ngày.</p>\r\n<p>Ngoài ra, khoảng 990.000 giếng khai thác nhỏ lẻ quy mô hộ gia đình, ước tính lưu lượng khai thác khoảng 840.000 m3/ngày.</p>\r\n<p> “Dù đến nay chưa có nghiên cứu, đánh giá cụ thể nhưng khai thác nước ngầm quá mức là một trong những nguyên nhân gây sụt lún đất ở khu vực TP.HCM và vùng ĐBSCL”, ông Bẩy nhấn mạnh.</p>\r\n<p>Để khắc phục, ông đề xuất điều tra, khoanh vùng để hạn chế khai thác nước ngầm ở những khu vực đang khai thác quá mức. Bên cạnh đó, các địa phương chủ động xây dựng và vận hành hệ thống theo dõi, giám sát diễn biến sụt lún đất, nhất là tại một số khu vực có mức độ lún cao.</p>\r\n<p>Ngoài ra, ở các khu đô thị và khu dân cư tập trung cũng nên áp dụng giải pháp lưu giữ nước mưa để giảm tình trạng ngập úng và bổ sung mực nước ngầm.</p>\r', '/img/bg-img/125.jpg', 5, 12, '2019-06-22 00:48:36', 'Đã duyệt', '2019-06-22 00:48:36', '<p class=\"mb-2\">Trong 12 năm qua, Sài Gòn đã lún hàng chục cm và tiếp tục lún trong thời gian tới. Nguyên nhân được chỉ ra là việc khai thác nước ngầm quá mức.</p>', 22, NULL, '2019-01-21 15:37:39', 0);
INSERT INTO `post` VALUES (48, 'Cần bao nhiêu máy sục khí nano để xử lý ô nhiễm sông Tô Lịch?', '<p>Ngày 17/6, chuyên gia Nhật Bản  và đại diện&nbsp;Công ty Cổ phần Cải thiện Môi trường Nhật Việt (JVE) đã tổ chức buổi trình diễn công nghệ xử lý bùn bằng vật liệu đá núi lửa Nhật Bản. </p>\r\n<p>Bên cạnh đó, các đơn vị đánh giá độc lập thuộc Bộ Tài nguyên Môi trường cũng lấy mẫu nước  để kiểm nghiệm, đánh giá hiệu quả.</p>\r\n<table class=\"picture\" align=\"center\">\r\n    <tbody>\r\n        <tr>\r\n            <td class=\"pic\"><img   alt=\"Can bao nhieu may suc khi nano de xu ly o nhiem song To Lich? hinh anh 1 \" src=\"https://znews-photo.zadn.vn/w660/Uploaded/lexw/2019_06_17/SHA_4216_zing.jpg\" width=\"1920\" height=\"1282\" /></td>\r\n        </tr>\r\n        <tr>\r\n            <td class=\"pCaption caption\">Đại diện JVE cho biết vật liệu đá núi lửa không cần sử dụng điện năng để làm sạch bùn. Ảnh:&nbsp;<em>Xuân Phương.</em></td>\r\n        </tr>\r\n    </tbody>\r\n</table>\r\n<h3>Cần từ 50 đến 100 máy sục khí nano</h3>\r\n<p>Trao đổi với <em>Zing.vn</em>, ông Nguyễn Tuấn Anh, đại diện JVE, cho biết tùy thuộc vào công suất của các máy sục khí nano mà diện tích đặt mỗi máy, số máy có thể thay đổi.&nbsp;</p>\r\n<p>\"Hiện máy sục khí nano có 3 loại công suất chính là 3,5 kW, loại đang được thí điểm, loại 5,5 kW và 7,5 kW. Dù chưa kết thúc quá trình thí điểm, chúng tôi đã có những tính toán sợ bộ. Để áp dụng trên toàn đoạn sông, cần khoảng 50 đến 100 máy nano công suất 3,5 kW\", đại diện JVE cho biết.</p>\r\n<table class=\"picture\" align=\"center\">\r\n    <tbody>\r\n        <tr>\r\n            <td class=\"pic\"><img   alt=\"Can bao nhieu may suc khi nano de xu ly o nhiem song To Lich? hinh anh 2 \" src=\"https://znews-photo.zadn.vn/w660/Uploaded/lexw/2019_06_17/SHA_4207_zing.jpg\" width=\"1920\" height=\"1282\" /></td>\r\n        </tr>\r\n        <tr>\r\n            <td class=\"pCaption caption\">Khu vực trình diễn khả năng xử lý bùn của vật liệu đá núi lửa Nhật Bản tại sông Tô Lịch. Ảnh:&nbsp;<em>Xuân Phương.</em></td>\r\n        </tr>\r\n    </tbody>\r\n</table>\r\n<p>Về độ bền và chi phí trong quá trình sử dụng, vận hành, ông Tuấn Anh cho biết công nghệ Nano-Bio đã áp dụng thành công ở kênh Sakishima, sông Onga (Nhật Bản) từ năm 1994 và một số nơi khác ở Ấn Độ, Trung Quốc. Vật liệu đá núi lửa có thể sử dụng trong khoảng thời gian tối thiểu 25 năm mà không cần thay mới.</p>\r\n<p>Hiện, đoạn sông Tô Lịch dài khoảng 400 m đang được đặt 4 máy sục khí nano, tập trung ở gần cống xả nước thải.</p>\r\n<p>Về chi phí lắp đặt mỗi máy và kinh phí dự kiến cho toàn bộ dự án nếu thí điểm thành công, đại diện JVE chưa đưa ra câu trả lời. Đơn vị này  cho biết sau khi kết thúc thí điểm sẽ báo cáo Bộ Tài nguyên và Môi trường, Thủ tướng rồi mới có thể đưa ra con số.</p>\r\n<p>Khi được hỏi về việc lắp máy xử lý dưới lòng sông có vô nghĩa không khi vẫn để nước thải chảy vào, ông Tuấn Anh thừa nhận các đô thị lớn như Hà Nội, TP.HCM vẫn phải tính chuyện tách nước thải chưa xử lý khỏi nước sông, nước mưa. Tuy nhiên,  không phải thành phố nào cũng đủ ngân sách để xây dựng hệ thống cống bao ở 2 bên bờ sông. Ngoài ra, thu gom hết nước thải chưa chắc đã hết ô nhiễm.</p>\r\n<p>\"Công nghệ này có thể được sử dụng trên các dòng sông khi chúng ta chưa đủ điều kiện thu gom được nước thải.  Như sông Tích 110 km, sông Đáy 240 km, thì việc xây dựng cống bao ở những con sông này rất tốn kém và khó khăn\", ông Tuấn Anh nói.</p>\r\n<h3>Có kết quả kiểm nghiệm sau 10 ngày</h3>\r\n<p>Sáng cùng ngày, Trung tâm Chất lượng và Bảo vệ tài nguyên Nước lấy mẫu nước để đánh giá độc lập hiệu quả của quá trình thí điểm.</p>\r\n<table class=\"picture\" align=\"center\">\r\n    <tbody>\r\n        <tr>\r\n            <td class=\"pic\"><img   alt=\"Can bao nhieu may suc khi nano de xu ly o nhiem song To Lich? hinh anh 3 \" src=\"https://znews-photo.zadn.vn/w660/Uploaded/lexw/2019_06_17/SHA_4199_zing.jpg\" width=\"1920\" height=\"1282\" /></td>\r\n        </tr>\r\n        <tr>\r\n            <td class=\"pCaption caption\">Các điều tra viên của đơn vị đánh giá độc lập lấy mẫu nước để kiểm nghiệm sáng 17/6. Ảnh:&nbsp;<em>Xuân Phương.</em></td>\r\n        </tr>\r\n    </tbody>\r\n</table>\r\n<p>Ông Nguyễn Thành Công, điều tra viên của trung tâm, cho biết qua đánh giá tổng quan và quan sát cho thấy mùi nước đã đỡ hôi. Nhưng có thể một phần do thời tiết mát, không nắng nóng gay gắt như thời gian trước.</p>\r\n<p>\"Chúng tôi vẫn đo một số chỉ số hiện trường, như độ PH, PDS, độ đục, DO. Sau quá trình xử lý, nồng độ DO đã cải thiện nghĩa là oxy hòa tan đã nhiều hơn so với trước xử lý. Độ đục cũng giảm, nước trong hơn và cặn lơ lửng giảm so với trước xử lý\", ông Công nói.</p>\r\n<p>Ông cho biết thêm 7 đến 10 ngày nữa, đơn vị sẽ có kết quả chất lượng nước sau xử lý, đến lúc đó mới có các chỉ số về chất lượng nước cụ thể, mức độ ô nhiễm và vi sinh...</p>\r\n<table class=\"picture\" align=\"center\">\r\n    <tbody>\r\n        <tr>\r\n            <td class=\"pic\"><img   alt=\"Can bao nhieu may suc khi nano de xu ly o nhiem song To Lich? hinh anh 4 \" src=\"https://znews-photo.zadn.vn/w660/Uploaded/lexw/2019_06_17/SHA_4240_zing.jpg\" width=\"1920\" height=\"1282\" /></td>\r\n        </tr>\r\n        <tr>\r\n            <td class=\"pCaption caption\">Các tấm vật liệu Bioreactor được đặt dưới lòng sông để xử lý bùn. Ảnh:&nbsp;<em>Xuân Phương.</em></td>\r\n        </tr>\r\n    </tbody>\r\n</table>\r\n<p>Cùng với việc lấy mẫu nước để đánh giá, công ty JVE tổ chức buổi trình diễn công nghệ xử lý bùn bằng đá núi lửa Nhật Bản. Theo đó, công ty cho quây 70 m2 trong lòng sông Tô Lịch, đặt 4 tấm vật liệu đá núi lửa để chứng minh khả năng tiêu hủy bùn.<strongr></strongr></p>\r\n<p>\"Vì khả năng phân hủy bùn ở dưới tầng đáy chưa nhìn thấy được, chúng tôi quây một phần trong lòng sông để trình diễn khả năng của vật liệu Bioreator. Sau một tháng, chúng ta có thể thấy kết quả rõ rệt\", ông Tuấn Anh cho biết.</p>\r', '/img/bg-img/126.jpg', 5, 2, '2019-06-22 00:48:37', 'Đã duyệt', '2019-06-22 00:48:37', '<p class=\"mb-2\">Ông Nguyễn Tuấn Anh cho biết theo ước tính sơ bộ của chuyên gia Nhật Bản, cần 50-100 máy sục khí nano nếu áp dụng công nghệ này trên toàn bộ sông Tô Lịch.</p>', 38, NULL, '2019-06-01 15:37:46', 0);
INSERT INTO `post` VALUES (49, 'Không được cấp phép xây dựng nhà cao tầng tại trung tâm đô thị', '<p>Chiều 14/6, đại biểu Quốc hội biểu quyết tán thành thông qua Nghị quyết về tiếp tục hoàn thiện, nâng cao hiệu lực, hiệu quả thực hiện chính sách, pháp luật về quy hoạch, quản lý, sử dụng đất đai tại đô thị.</p>\r\n<p>Bên cạnh những kết quả đạt được, Nghị quyết của Quốc hội thẳng thắn chỉ ra nhiều bất cập trong lĩnh vực này.</p>\r\n<h3>Quy hoạch thiếu tầm nhìn dẫn tới điều chỉnh nhiều lần</h3>\r\n<p>Theo đó, chất lượng các quy hoạch còn thấp, thiếu đồng bộ, thiếu tầm nhìn dài hạn dẫn tới điều chỉnh quy hoạch nhiều lần.</p>\r\n<p>Đặc biệt, có những trường hợp điều chỉnh còn tùy tiện, theo lợi ích của nhà đầu tư, ảnh hưởng đến môi trường, cảnh quan, kiến trúc, hạ tầng kỹ thuật, xã hội và các lợi ích hợp pháp của cộng đồng dân cư.</p>\r\n<table class=\"picture\" align=\"center\">\r\n    <tbody>\r\n        <tr>\r\n            <td class=\"pic\"><img   alt=\"Khong duoc cap phep xay dung nha cao tang tai trung tam do thi hinh anh 1 \" src=\"https://znews-photo.zadn.vn/w660/Uploaded/ovhpaob/2019_06_14/Doan_DBQH_Ha_Noi_Bieu_quyet_thong_qua_Luat_Thi_hanh_an_hinh_su_sua_doi_2.JPG\" width=\"775\" height=\"517\" /></td>\r\n        </tr>\r\n        <tr>\r\n            <td class=\"pCaption caption\">Các đại biểu Quốc hội bấm nút biểu quyết. Ảnh: <em>Minh Quân.</em></td>\r\n        </tr>\r\n    </tbody>\r\n</table>\r\n<p>Việc giao đất, cho thuê đất thông qua phương thức đấu thầu dự án có sử dụng đất, đấu giá quyền sử dụng đất có những trường hợp còn chưa tuân thủ quy trình và quy định của pháp luật, nhiều trường hợp chỉ định nhà đầu tư, chuyển mục đích sử dụng đất trái phép.</p>\r\n<p>Bên cạnh đó, việc sử dụng quỹ đất để thanh toán cho nhà đầu tư theo hình thức xây dựng - chuyển giao (BT) chưa được quy định rõ ràng, việc triển khai còn nhiều bất cập, dẫn đến thất thoát tài sản công.</p>\r\n<p> Việc di dời trụ sở các bộ, ngành, cơ sở giáo dục đào tạo, bệnh viện, cơ sở công nghiệp, sản xuất gây ô nhiễm... ra ngoài trung tâm các đô thị lớn còn chậm, chưa thực hiện tốt việc bàn giao quỹ đất sau di dời cho địa phương.</p>\r\n<p>Trước thực tế đó, Quốc hội đề nghị Chính phủ rà soát thực trạng, nghiên cứu, ban hành cơ chế, chính sách để quản lý, xử lý nghiêm việc người Việt Nam đứng tên thay cho người nước ngoài để mua nhà, nhận chuyển nhượng quyền sử dụng đất, thuê đất trái pháp luật.</p>\r\n<h3>Bộ Công an đẩy nhanh điều tra các vụ án liên quan sử dụng đất đô thị</h3>\r\n<p>Quốc hội lưu ý Chính phủ cần có biện pháp ngăn chặn tình trạng chuyển nhượng quyền sử dụng đất, chuyển mục đích sử dụng đất trái phép. Kiểm soát chặt chẽ việc thu hồi đất, bồi thường, hỗ trợ, tái định cư, bảo đảm quyền lợi hợp pháp, hoạt động sản xuất và đời sống của người có đất thu hồi, bảo đảm công khai, minh bạch thông tin.</p>\r\n<p>Cùng với đó, rà soát, có biện pháp tháo gỡ vướng mắc, xác định nguồn lực để đẩy mạnh thực hiện lộ trình di dời trụ sở các bộ, ngành, cơ sở giáo dục đào tạo, bệnh viện, cơ sở công nghiệp, sản xuất... ra ngoài trung tâm các đô thị theo phương án được phê duyệt.</p>\r\n<table class=\"picture\" align=\"center\">\r\n    <tbody>\r\n        <tr>\r\n            <td class=\"pic\"><img   alt=\"Khong duoc cap phep xay dung nha cao tang tai trung tam do thi hinh anh 2 \" src=\"https://znews-photo.zadn.vn/w660/Uploaded/ovhpaob/2019_06_14/anh_zing.jpg\" width=\"860\" height=\"484\" /></td>\r\n        </tr>\r\n        <tr>\r\n            <td class=\"pCaption caption\">Quốc hội đề nghị không cấp phép xây dựng công trình cao tầng tại trung tâm các đô thị. Ảnh: <em>Hoàng Hà.</em></td>\r\n        </tr>\r\n    </tbody>\r\n</table>\r\n<p>Đồng thời, phải bàn giao quỹ đất sau di dời cho địa phương để xây dựng các công trình công cộng, ưu tiên xây dựng công viên, cây xanh, bãi đỗ xe, công trình văn hóa, thể thao.</p>\r\n<p>Quốc hội cũng đề nghị Chính phủ tiến hành rà soát, đánh giá và đề ra các giải pháp khắc phục đối với các quy hoạch chi tiết bị điều chỉnh không đúng quy định; lập kế hoạch đầu tư và đầu tư đồng bộ giữa hệ thống hạ tầng kỹ thuật, hạ tầng xã hội với phát triển nhà ở, công trình thương mại dịch vụ và công trình khác theo quy hoạch được duyệt.</p>\r\n<p>Đặc biệt, cần quán triệt quy định \"không cấp phép xây dựng công trình cao tầng tại trung tâm các đô thị”.</p>\r\n<p>Quốc hội yêu cầu kiên quyết thu hồi đất theo quy định đối với những dự án không đưa đất vào sử dụng, dự án triển khai chậm tiến độ, dự án đã bị chấm dứt chủ trương đầu tư, dự án sử dụng đất sai mục đích, vi phạm pháp luật về đất đai, quy hoạch đô thị, xây dựng và bảo vệ môi trường.</p>\r\n<p>Về vấn đề đất quốc phòng, Nghị quyết nêu rõ cần chấn chỉnh các vi phạm trong quản lý, sử dụng. Cùng với đó, rà soát quy hoạch đối với đất sử dụng cho dự án du lịch có yếu tố tín ngưỡng, tâm linh trên nguyên tắc đúng quy định của pháp luật, tiết kiệm, tránh lãng phí tài nguyên đất.</p>\r\n<p>Quốc hội đề nghị xử lý nghiêm trách nhiệm của người đứng đầu các cấp, các ngành để xảy ra sai phạm trong quản lý, sử dụng đất đai tại đô thị, làm ảnh hưởng đến lợi ích của Nhà nước, quyền và lợi ích hợp pháp của người sử dụng đất.</p>\r\n<p>Chính phủ được đề nghị chỉ đạo Thanh tra Chính phủ&nbsp;tiến hành thanh tra các dự án, công trình có dấu hiệu vi phạm pháp luật về quy hoạch, quản lý, sử dụng đất đai tại đô thị; chỉ đạo Bộ Công an đẩy nhanh công tác điều tra các vụ án về quản lý, sử dụng đất đai tại đô thị.</p>\r\n<p>Kiểm toán Nhà nước được đề nghị tăng cường kiểm toán các nội dung có liên quan đến hoạt động quy hoạch, quản lý và sử dụng đất đai tại đô thị khi xây dựng chương trình kiểm toán hàng năm.</p>', '/img/bg-img/127.jpg', 5, 6, '2019-06-22 00:48:39', 'Đã duyệt', '2019-06-22 00:48:39', '<p class=\"mb-2\">Quốc hội đề nghị Chính phủ đề ra các giải pháp khắc phục việc quy hoạch chi tiết bị điều chỉnh sai quy định, không cấp phép xây dựng công trình cao tầng tại trung tâm đô thị.</p>', 21, NULL, '2019-04-14 15:37:52', 0);
INSERT INTO `post` VALUES (50, 'Công viên Thanh Hà bị phạt 20 triệu sau vụ bé trai đuối nước', '<p>Chiều 12/6, UBND phường Phú Lương (quận Hà Đông) đã có văn bản yêu cầu tạm dừng hoạt động bơi, lặn tại công viên nước Thanh Hà đặt tại khu đô thị Thanh Hà – Mường Thanh. Ban quản lý công viên này bị phạt 20 triệu đồng do nhân viên cứu hộ không trực tại vị trí và công viên chưa có hợp đồng liên kết cấp cứu với cơ sở y tế theo quy định.</p>\r\n<p>Văn bản cũng cho hay&nbsp;Phòng Văn hóa và Thông tin quận Hà Đông phối hợp cùng UBND phường Phú Lương đã có kết quả kiểm tra chất lượng hoạt động của công viên nước này vào 15h chiều 12/6. </p>\r\n<p>Kết quả kiểm tra cho thấy Công ty TNHH dịch vụ giải trí và thể thao Thanh Hà (phường Phú Lương, quận Hà Đông) chưa được các cấp có thẩm quyền cấp giấy chứng nhận đủ điều kiện hoạt động bơi, lặn.</p>\r\n<table class=\"picture\" align=\"center\">\r\n    <tbody>\r\n        <tr>\r\n            <td class=\"pic\"><img   alt=\"Cong vien Thanh Ha bi phat 20 trieu sau vu be trai duoi nuoc hinh anh 1 \" src=\"https://znews-photo.zadn.vn/w660/Uploaded/lce_qjlcv/2019_06_13/cvn_Thanh_Ha_zing.jpg\" width=\"1280\" height=\"831\" /></td>\r\n        </tr>\r\n        <tr>\r\n            <td class=\"pCaption caption\">Sáng 13/6, công viên nước Thanh Hà treo biển tạm dừng hoạt động với lý do bảo dưỡng, duy tu cơ sở vật chất. Ảnh: <em>Mỹ Hà.&nbsp;</em></td>\r\n        </tr>\r\n    </tbody>\r\n</table>\r\n<p>Trao đổi với <em>Zing.vn</em>, ông Nguyễn Trọng Thám, Trưởng Công an phường Phú Lương (quận Hà Đông, <a href=\"https://news.zing.vn/tieu-diem/ha-noi.html\" title=\"Tin tức Hà Nội\" class=\"topic location autolink\" topic-id=\"2208\">Hà Nội</a>), cho biết công viên nước Thanh Hà bị yêu cầu dừng toàn bộ các hoạt động bơi, lặn kể từ 17h ngày 12/6 cho đến khi khắc phục xong các sự cố tồn tại. </p>\r\n<p>Công viên chỉ được phép hoạt động sau khi được cơ quan có thẩm quyền cấp giấy chứng nhận đủ điều kiện hoạt động theo quy định. Nếu cố tình vi phạm, ban quản lý Công viên nước Thanh Hà phải hoàn toàn chịu trách nhiệm theo quy định của pháp luật.</p>\r\n<p>Lãnh đạo UBND quận Hà Đông cũng cho biết công viên này chưa được Sở Văn hóa, Thể thao và Du lịch Hà Nội cấp giấy phép đủ điều kiện bơi, lặn. Các nhân viên cứu hộ và nhân viên y tế chưa có chứng chỉ nghiệp vụ và bằng cấp theo quy định.</p>\r\n<table class=\"picture\" align=\"center\">\r\n    <tbody>\r\n        <tr>\r\n            <td class=\"pic\"><img   alt=\"Cong vien Thanh Ha bi phat 20 trieu sau vu be trai duoi nuoc hinh anh 2 \" src=\"https://znews-photo.zadn.vn/w660/Uploaded/lce_qjlcv/2019_06_13/congviennuoc.jpg\" width=\"1440\" height=\"808\" /></td>\r\n        </tr>\r\n        <tr>\r\n            <td class=\"pCaption caption\">Công viên nước Thanh Hà đặt tại phường Phú Lương (quận Hà Đông) được quảng bá là công viên nước hiện đại nhất Hà Nội và mới đi vào hoạt động ngày 10/6. Ảnh: <em>Việt Linh.&nbsp;</em></td>\r\n        </tr>\r\n    </tbody>\r\n</table>\r\n<p>Trước đó, chiều 12/6, một số người dân khi đến vui chơi, tắm tại công viên nước Thanh Hà thì phát hiện một bé trai có biểu hiện bị đuối nước nên nhanh chóng vớt lên bờ và thông báo nhân viên bảo vệ và bác sĩ tại đây.</p>\r\n<p>Bác sĩ làm việc tại công viên này đã khẩn trương sơ cứu cho cháu bé rồi đưa đi bệnh viện cấp cứu. Tối cùng ngày, cháu bé có chuyển biến xấu nên gia đình đưa đến Bệnh viện Nhi Trung ương. Tuy nhiên, cháu bé không qua khỏi và qua đời vào 5h sáng 13/6.&nbsp;</p>\r\n<p>Theo ghi nhận của <em>Zing.vn</em>, trưa 13/6, vẫn có khá đông người dân đến công viên này sau khi đọc thông tin về công viên nước lớn nhất Hà Nội. Nhiều người ra về trong thất vọng khi nhìn thấy biển thông báo tạm thời ngừng hoạt động để bảo trì cơ sở vật chất trong công viên.&nbsp;</p>\r\n<p>Khi được người dân hỏi về thời gian hoạt động trở lại, bảo vệ cho biết công viên sẽ sớm mở cửa trở lại trong vài ngày tới.&nbsp;</p>\r', '/img/bg-img/128.jpg', 5, 12, '2019-06-22 00:48:41', 'Đã duyệt', '2019-06-22 00:48:41', '<p class=\"mb-2\">Sau sự việc bé trai đuối nước tại công viên nước Thanh Hà (quận Hà Đông, Hà Nội), đơn vị này đã bị yêu cầu tạm dừng hoạt động và phạt 20 triệu đồng do chưa đủ điều kiện hoạt động.</p>', 12, NULL, '2019-05-03 15:37:56', 1);
INSERT INTO `post` VALUES (51, 'Cựu chủ tịch UEFA Platini được thả sau một ngày bị giam', '<p>Ông bị giam tại đồn cảnh sát&nbsp;Nanterres, thuộc ngoại ô thủ đô Paris. Sau 15 giờ đồng hồ, phóng viên bắt được cảnh Platini tươi cười rời đồn cảnh sát. </p>\r\n<p>Ngay khi được trả tự do, Platini được vây quanh bởi các phóng viên. Ông nói về lúc bị giam giữ: \"Đó là thời gian dài với rất nhiều câu hỏi về Euro 2016, World Cup ở Nga, Qatar, về FIFA\".</p>\r\n<p>Luật sư của Platini là&nbsp;William Bourdon nói rằng thân chủ của mình được thả mà không hề bị buộc tội. Trước đó, vị luật sư này cũng khẳng định Platini vô tội trước những cáo buộc về việc gian lận phiếu bầu.</p>\r\n<table class=\"picture\" align=\"center\">\r\n    <tbody>\r\n        <tr>\r\n            <td class=\"pic\"><img   alt=\"Cuu chu tich UEFA Platini duoc tha sau mot ngay bi giam hinh anh 1 \" src=\"https://znews-photo.zadn.vn/w660/Uploaded/mdf_usoddd/2019_06_19/pla.jpg\" width=\"660\" height=\"410\" /></td>\r\n        </tr>\r\n        <tr>\r\n            <td class=\"pCaption caption\">Platini tươi cười sau khi rời đồn cảnh sát. Ảnh: <em>AFP.</em></td>\r\n        </tr>\r\n    </tbody>\r\n</table>\r\n<p>Bourdon cũng khẳng định ông Platini không hề bị bắt giữ như báo chí đưa tin mà chỉ bị mời về đồn cảnh sát để làm việc. Bên cạnh đó, vị luật sự này cho hay thân chủ hoàn toàn trong sạch và rất tự tin đối mặt với những cáo buộc hướng về phía ông.</p>\r\n<p>Trước đó, ông Michel Platini từng bị Ủy ban đạo đức FIFA cấm tham gia vào các hoạt động bóng đá trong vòng 4 năm, cùng với Sepp Blatter. Năm 2015, ông bị cáo buộc nhận hối lộ khi không thể chứng minh nguồn gốc của khoản thu nhập lên tới gần 2 triệu euro.</p>\r\n<p>Tuy vậy, huyền thoại bóng đá Pháp nói rằng đây là số tiền ông được trả cho công việc cố vấn, nhưng vẫn phải nhận án cấm nói trên.</p>\r\n<p>Về vụ việc World Cup 2022, rất nhiều quan chức của FIFA bị cáo buộc nhận hối lộ để trao quyền tổ chức cho Qatar. Platini là một trong số đó. Tới nay, nhiều người đã bị đình chỉ hoặc bãi nhiệm.</p>\r', '/img/bg-img/129.jpg', 1, 2, '2019-06-22 00:48:43', 'Đã duyệt', '2019-06-22 00:48:43', '<p class=\"mb-2\">Huyền thoại bóng đá người Pháp đã bị cảnh sát bắt giữ do những sai phạm trong quá trình trao quyền đăng cai World Cup 2022 cho Qatar.</p>', 8, NULL, '2019-05-19 15:37:59', 1);
INSERT INTO `post` VALUES (52, 'Messi yêu cầu chủ tịch Barca chiêu mộ Neymar', '<p>Theo <em>El Mundo</em>, đích thân <a href=\"https://news.zing.vn/tieu-diem/lionel-messi-nhan-vat.html\" title=\"Tin tức Lionel Messi\" class=\"topic person autolink\" topic-id=\"3851\">Lionel Messi</a> đã yêu cầu chủ tịch Joseph Bartomeu mang bằng được <a href=\"https://news.zing.vn/tieu-diem/neymar.html\" title=\"Tin tức Neymar\" class=\"topic person autolink\" topic-id=\"3855\">Neymar</a> trở lại Camp Nou.&nbsp;</p>\r\n<p>Cách mà BLĐ <a href=\"https://news.zing.vn/tieu-diem/barcelona-fc.html\" title=\"Tin tức Barca\" class=\"topic company autolink\" topic-id=\"3934\">Barca</a> đang tính tới là gán Griezmann vào vụ chuyển nhượng này. Chủ tịch Atletico Madrid đã nhấn mạnh cách đây vài ngày rằng vụ chuyển nhượng Griezmann được hoàn tất từ tháng 3, và cầu thủ người Pháp sẽ là người của Barca từ ngày 1/7 với phí chuyển nhượng là 120 triệu euro.</p>\r\n<table class=\"picture\" align=\"center\">\r\n    <tbody>\r\n        <tr>\r\n            <td class=\"pic\"><img   alt=\"Messi yeu cau chu tich Barca chieu mo Neymar hinh anh 1 \" src=\"https://znews-photo.zadn.vn/w660/Uploaded/ofh_huqfztmf/2019_06_19/messineymar.jpg\" width=\"1920\" height=\"1080\" /></td>\r\n        </tr>\r\n        <tr>\r\n            <td class=\"pCaption caption\">Messi muốn Neymar trở lại Camp Nou. Ảnh: <em>Getty</em>.</td>\r\n        </tr>\r\n    </tbody>\r\n</table>\r\n<p><em>El Mundo</em> cũng tin rằng tính khả thi của vụ chuyển nhượng này nằm ở chính Griezmann. Barca sẽ phải thuyết phục tiền đạo này thay đổi kế hoạch chơi bóng ở Camp Nou để trở về quê hương thi đấu cho PSG.</p>\r\n<p>BLĐ Barca hiểu rằng đội ngũ trụ cột của Barca được dẫn đầu bởi Messi không hào hứng với việc Griezmann gia nhập đội bóng. El Pulga được cho là không thích việc Griezmann lên truyền thông tuyên bố tương lai của mình tại Atletico Madrid.</p>\r\n<p>Trong khi đó, Neymar vốn dĩ là bạn thân của Messi và Luis Suarez. Lần gần nhất Barca vô địch <a href=\"https://news.zing.vn/tieu-diem/champions-league934.html\" title=\"Tin tức Champions League\" class=\"topic normal autolink\" topic-id=\"934\">Champions League</a> cũng là khi Neymar có mặt trong đội hình. Tiền đạo người Brazil đã hợp với Messi và Suarez để trở thành bộ ba M-S-N đáng sợ.</p>\r\n<table class=\"picture\" align=\"center\">\r\n    <tbody>\r\n        <tr>\r\n            <td class=\"pic\"><img   alt=\"Messi yeu cau chu tich Barca chieu mo Neymar hinh anh 2 \" src=\"https://znews-photo.zadn.vn/w660/Uploaded/ofh_huqfztmf/2019_06_19/grez.jpg\" width=\"960\" height=\"640\" /></td>\r\n        </tr>\r\n        <tr>\r\n            <td class=\"pCaption caption\">Antoine Griezmann có thể là cầu thủ sẽ bị gán đi trong vụ chuyển nhượng này. Ảnh: <em>Getty</em>.</td>\r\n        </tr>\r\n    </tbody>\r\n</table>\r\n<p>PSG hiện bật đèn xanh cho việc Neymar ra đi. Trả lời <em>France Football</em> mới đây, Chủ tịch PSG Nasser Al-Khelaifi nhấn mạnh: \"Các cầu thủ sẽ phải có trách nhiệm với CLB nhiều hơn trước. Tôi cần thấy một PSG hoàn toàn khác. Tôi sẽ không giữ những cầu thủ nào có thái độ ngôi sao. Bất kỳ ai không còn muốn gắn bó với PSG, đội bóng sẽ để họ ra đi\"</p>\r\n<p>Sau đó vài giờ, báo <em>L\'Equipe </em>cho biết thêm rằng PSG sẽ cân nhắc khả năng bán tiền đạo <a href=\"https://news.zing.vn/tieu-diem/neymar.html\" target=\"_blank\" rel=\"nofollow\">Neymar</a>&nbsp;nếu nhận được giá chuyển nhượng phù hợp. Tờ này còn phân tích phát biểu của Chủ tịch Khelaifi là nhằm vào Neymar, người liên tục bóng gió về khả năng trở lại Barcelona.</p>\r', '/img/bg-img/130.jpg', 1, 6, '2019-06-22 00:48:44', 'Đã duyệt', '2019-06-22 00:48:44', '<p class=\"mb-2\">Ban lãnh đạo Barca đang tính tới nước đi đầy táo bạo trong thương vụ mang ngôi sao Neymar trở lại sân Camp Nou từ PSG vào mùa hè này.</p>', 22, NULL, '2019-04-03 15:38:05', 1);
INSERT INTO `post` VALUES (53, 'VAR từ chối 2 bàn thắng khiến Brazil chia điểm trước Venezuela', '<p>Brazil với lợi thế sân nhà không mất nhiều thời gian để giành quyền kiểm soát trận đấu. Đoàn quân của HLV Tite thực hiện nhiều đường chuyền từ hai cánh nhưng không thể đánh bại hàng thủ số đông của Venezuela.  Cơ hội dứt điểm đến với David Neres, Richarlison nhưng bộ đôi này không thể mang về bàn mở tỷ số cho \"Selecao\".</p>\r\n<p><strongr><strongr>Chơi phòng ngự chủ động, Venezuela còn suýt chút nữa có bàn mở tỷ số ở phút 19 sau cú đánh đầu của Salomon Rondon. Thủ môn Alisson đã đứng chôn chân nhưng bóng lại đi chệch cột trong gang tấc.</strongr></strongr></p>\r\n<p><strongr><strongr><strongr><strongr>Những phút còn lại của hiệp một, Brazil tỏ ra thiếu ý tưởng tấn công trước hàng thủ nhiều lớp của Venezuela. Coutinho được chơi ở vị trí tiền vệ công nhưng không thể tạo ra những đường chuyền mang tính đột biến.</strongr></strongr></strongr></strongr></p>\r\n<table class=\"picture\" align=\"center\">\r\n    <tbody>\r\n        <tr>\r\n            <td class=\"pic\"><img   alt=\"VAR tu choi 2 ban thang khien Brazil chia diem truoc Venezuela hinh anh 1 \" src=\"https://znews-photo.zadn.vn/w660/Uploaded/natmzz/2019_06_19/a_3.JPG\" width=\"858\" height=\"561\" /></td>\r\n        </tr>\r\n        <tr>\r\n            <td class=\"pCaption caption\">Hàng thủ Venezuela có ngày thi đấu xuất sắc.</td>\r\n        </tr>\r\n    </tbody>\r\n</table>\r\n<p><strongr><strongr><strongr><strongr><strongr><strongr>Phút 39, Firmino đưa được bóng vào lưới đội khách nhưng bàn thắng không được công nhận do trước đó, tiền đạo thuộc biên chế Brazil đã phạm lỗi với hậu vệ Villanueva. Hiệp đấu đầu tiên khép lại với tỷ số hòa 0-0.</strongr></strongr></strongr></strongr></strongr></strongr></p>\r\n<p><strongr><strongr><strongr><strongr><strongr><strongr>Thế chủ động vẫn thuộc về Brazil trong hiệp hai. Không lâu sau khi vào sân, Gabriel Jesus đã làm tung mành lưới của Venezuela. Cầu thủ thuộc biên chế Man City cẩn thận nhìn trọng tài biên rồi mới ăn mừng nhưng ngay sau đó, VAR đã can thiệp và tước đi bàn thắng này. Roberto Firmino đã việt vị trước khi kiến tạo cho đồng đội sinh năm 1997.</strongr></strongr></strongr></strongr></strongr></strongr></p>\r\n<table class=\"picture\" align=\"center\">\r\n    <tbody>\r\n        <tr>\r\n            <td class=\"pic\"><img   alt=\"VAR tu choi 2 ban thang khien Brazil chia diem truoc Venezuela hinh anh 2 \" src=\"https://znews-photo.zadn.vn/w660/Uploaded/natmzz/2019_06_19/rrt_1.JPG\" width=\"849\" height=\"551\" /></td>\r\n        </tr>\r\n        <tr>\r\n            <td class=\"pCaption caption\">Roberto Firmino tham gia vào cả 3 bàn thắng bị từ chối của chủ nhà.</td>\r\n        </tr>\r\n    </tbody>\r\n</table>\r\n<p><strongr><strongr><strongr><strongr><strongr><strongr>Brazil tấn công dồn dập trong quãng thời gian còn lại của trận đấu. Phút 87, mành lưới của Venezuela lại rung lên sau cú đệm bóng cận thành của Coutinho. Tuy nhiên, CĐV tại sân Fonte Nova lại có màn ăn mừng hụt khi VAR xác định Firmino đã để bóng chạm tay khi tham gia tình huống tấn công dẫn đến bàn thắng.&nbsp;</strongr></strongr></strongr></strongr></strongr></strongr></p>\r\n<p><strongr><strongr><strongr><strongr><strongr><strongr>Quãng thời gian 9 phút bù giờ cũng không đủ để giúp chủ nhà tìm kiếm bàn thắng vào lưới đối thủ. Trận đấu khép lại với tỷ số hòa 0-0. Venezuela với lối chơi kỷ luật cộng thêm chút may mắn đã giành 1 điểm quý giá trước ứng viên vô địch Brazil.</strongr></strongr></strongr></strongr></strongr></strongr></p>\r', '/img/bg-img/131.jpg', 1, 12, '2019-06-22 00:48:45', 'Đã duyệt', '2019-06-22 00:48:45', '<p class=\"mb-2\">Brazil bị VAR từ chối 2 bàn thắng trong hiệp đấu thứ hai và đành chấp nhận kết quả hòa 0-0 trước Venezuela ở lượt trận thứ 2 vòng bảng Copa America sáng 19/6.</p>', 44, NULL, '2019-05-05 15:38:21', 0);
INSERT INTO `post` VALUES (54, 'Sữa rửa mặt ngừa mụn, sáng da từ lá neem', '<p>Mùa hè là thời điểm nắng nóng, tình trạng da nhờn và đổ dầu thường xuyên xuất hiện, khiến da dễ bị mụn. Để chăm sóc tốt cho da, bạn có thể sử dụng các sản phẩm từ thiên nhiên cho công đoạn làm sạch.</p>\r\n<h3>Tác dụng của lá neem</h3>\r\n<p>Một số nghiên cứu cho thấy lá neem có nhiều hoạt chất giúp diệt vi khuẩn gây mụn, giảm viêm, trong đó có viêm do mụn trứng cá gây ra. Cụ thể, các hoạt chất của lá có tác dụng chống nấm, kháng khuẩn, bảo vệ làn da chống lại các vi khuẩn gây mụn. Hợp chất quercetin - một flavonoid sinh học có tác dụng làm mờ thâm sẹo, làm mịn, đều màu da - giúp chống viêm, làm se niêm mạc tự nhiên.</p>\r\n<table class=\"picture\" align=\"center\">\r\n    <tbody>\r\n        <tr>\r\n            <td class=\"pic\"><img   alt=\"Sua rua mat ngua mun, sang da tu la neem hinh anh 1 \" src=\"https://znews-photo.zadn.vn/w660/Uploaded/wyhktpu/2019_06_13/13.jpg\" width=\"800\" height=\"600\" /></td>\r\n        </tr>\r\n        <tr>\r\n            <td class=\"pCaption caption\">Lá neem có nhiều công dụng, được dùng làm nguyên liệu chăm sóc sắc đẹp.</td>\r\n        </tr>\r\n    </tbody>\r\n</table>\r\n<p>Ngoài ra, lá neem còn chứa acid salicylic - một chất kháng khuẩn được tìm thấy trong nhiều sản phẩm trị mụn - giúp giảm viêm, sưng, đỏ và đau do mụn. Các chiết xuất từ loại lá này cũng giúp cân bằng quá trình sản sinh dầu trên da, tránh tình trạng dầu dư thừa làm tắc nghẽn lỗ chân lông.</p>\r\n<p>Khi kết hợp với các thảo dược thiên nhiên khác, loại lá này tăng cường khả năng lành lại của thương tổn trên da do mụn, ngăn ngừa thâm sẹo sau mụn, giúp da trở nên sáng và khỏe hơn.</p>\r\n<h3><strong>Sữa</strong><strong> rửa mặt chiết xuất lá neem</strong></h3>\r\n<p>Nhờ những ưu điểm đó, lá neem được dùng trong nhiều sản phẩm trị mụn. Tác dụng này tăng lên khi lá neem được chọn làm thành phần chính, kết hợp thảo dược nổi bật khác là Nano Curcumin từ nghệ vàng với phân tử nano siêu nhỏ có khả năng thẩm thấu đến lớp hạ bì của da, hỗ trợ tái tạo và phục hồi tổn thương da do mụn để lại. </p>\r\n<p>Decumar Clean là <em><a href=\"https://decumar.vn/cham-soc-da/sua-rua-mat-ngua-mun.html\">sữa rửa mặt ngừa mụn</a></em> dạng gel với nhiều ưu điểm. Bên cạnh sự kết hợp của hai thành phần chính là nano curcumin và tinh chất lá neem, sản phẩm còn có thêm các thành phần khác như vitamin E có tác dụng dưỡng ẩm, làm mềm và tái tạo da. Ngoài việc giúp làm sạch nhẹ nhàng cho da và cấp ẩm, Decumar Clean còn hỗ trợ cải thiện tình trạng mụn do tác dụng ngăn ngừa vi khuẩn gây mụn.</p>\r\n<table class=\"picture\" align=\"center\">\r\n    <tbody>\r\n        <tr>\r\n            <td class=\"pic\"><img   alt=\"Sua rua mat ngua mun, sang da tu la neem hinh anh 2 \" src=\"https://znews-photo.zadn.vn/w660/Uploaded/wyhktpu/2019_06_13/14.jpg\" width=\"800\" height=\"600\" /></td>\r\n        </tr>\r\n        <tr>\r\n            <td class=\"pCaption caption\">Sữa rửa mặt ngừa mụn, sáng da Decumar Clean.</td>\r\n        </tr>\r\n    </tbody>\r\n</table>\r\n<p>Mỗi ngày, bạn nên rửa mặt 2 lần sáng-tối với <em><a href=\"https://decumar.vn/san-pham/gel-rua-mat-decumar-clean-100g\">Decumar Clean</a></em> để cảm nhận được sự thay đổi của làn da. Chất gel mát lạnh mang lại cảm giác nhẹ nhàng, thư thái, không nhờn rít hay khô da sau khi rửa. Nhiều bạn trẻ sử dụng sữa rửa mặt ngừa mụn Decumar Clean đã bày tỏ sự thích thú với những hiệu quả sản phẩm mang lại. </p>\r\n<table class=\"picture gallery\" align=\"center\">\r\n    <tbody>\r\n        <tr>\r\n            <td class=\"pic\"><img   alt=\"Sua rua mat ngua mun, sang da tu la neem hinh anh 3 \" src=\"https://znews-photo.zadn.vn/w660/Uploaded/wyhktpu/2019_06_13/15__Copy.jpg\" width=\"495\" height=\"597\" /><img   alt=\"Sua rua mat ngua mun, sang da tu la neem hinh anh 4 \" src=\"https://znews-photo.zadn.vn/w660/Uploaded/wyhktpu/2019_06_13/15.jpg\" width=\"463\" height=\"597\" /></td>\r\n        </tr>\r\n        <tr>\r\n            <td class=\"pCaption caption\">Nhiều người dùng hài lòng với sản phẩm rửa mặt ngừa mụn Decumar Clean.</td>\r\n        </tr>\r\n    </tbody>\r\n</table>\r', '/img/bg-img/132.jpg', 2, 2, '2019-06-22 00:48:47', 'Đã duyệt', '2019-06-22 00:48:47', '<p class=\"mb-2\">Chiết xuất từ lá neem và tinh chất nghệ có thể giúp ngừa mụn, sáng da, đặc biệt là trong mùa hè, khi thời tiết nóng ẩm khiến da dễ đổ dầu, lên mụn.</p>', 15, NULL, '2019-06-02 15:38:28', 0);
INSERT INTO `post` VALUES (55, 'Khi làn da có dấu hiệu này, chứng tỏ bạn chưa làm sạch đúng cách', '<p style=\"text-align: left;\"><span style=\"text-align: left;\">\"Nhất dáng nhì da\" là câu nói nằm lòng của chị em phụ nữ. Trong những ngày hè nóng ẩm như hiện giờ, làn da lại càng cần được chăm sóc đúng cách.</span></p>\r\n<p>Mỗi ngày, làn da tiếp xúc với rất nhiều tác nhân bên ngoài như ô nhiễm môi trường, tia UV, khói bụi. Do đó, da cần được làm sạch sâu vào cuối ngày. Hơn nữa, việc dùng mỹ phẩm trong ngày mà không tẩy trang đúng cách cũng là tác nhân khiến lỗ chân lông tắc nghẽn, tạo điều kiện cho mụn phát triển. </p>\r\n<h3>Silicon - tác nhân chính khiến da không sạch?</h3>\r\n<p>Hầu hết sản phẩm làm đẹp, dưỡng da thông dụng trên thị trường đều có chứa thành phần silicone, được cho là nguyên nhân gây bít tắc lỗ chân lông khi không được làm sạch hoàn toàn. Thành phần này có trong các sản phẩm được chị em ưa dùng như kem chống nắng, kem nền, phấn phủ, các loại BB cream, CC cream, phấn mắt, phấn má, kẻ mắt, mascara…</p>\r\n<table class=\"picture\" align=\"center\">\r\n    <tbody>\r\n        <tr>\r\n            <td class=\"pic\"><img   alt=\"Khi lan da co dau hieu nay, chung to ban chua lam sach dung cach hinh anh 1 \" src=\"https://znews-photo.zadn.vn/w660/Uploaded/wyhktpu/2019_06_03/image001_15.jpg\" width=\"800\" height=\"450\" /></td>\r\n        </tr>\r\n        <tr>\r\n            <td class=\"pCaption caption\">Silicone có nhiều trong các sản phẩm làm đẹp.</td>\r\n        </tr>\r\n    </tbody>\r\n</table>\r\n<p style=\"text-align: left;\"><span style=\"text-align: left;\">Silicone đóng vai trò tạo 1 lớp màng trên da giúp cho lớp trang điểm bám vào da và giữ được lâu hơn. Thành phần này được sử dụng rộng rãi do có khả năng tạo độ mềm mượt, bóng mịn trên bề mặt, đồng thời kiềm dầu và chống nước. Nếu không chứa silicone, lớp phấn sẽ dễ bong tróc, khô, và dễ bị đọng lại những nếp nhăn hoặc rãnh mắt khi bạn cử động cơ mặt.</span></p>\r\n<p>Như vậy, dễ dàng nhận thấy silicone là nguyên liệu không thể thiếu để giữ lớp mỹ phẩm lâu trôi, tươi mới, mềm mượt hơn trong ngày. Tuy nhiên, nếu không được làm sạch triệt để vào cuối ngày, silicone lại trở nên \"hại\" nhiều hơn \"lợi\". </p>\r\n<h3>Dấu hiệu nhận biết làn da chưa sạch </h3>\r\n<p>Dấu hiệu trước tiên là việc làn da trở nên khô nhám và nổi mụn. Lý do là bề mặt da của chúng ta không hề bằng phẳng mà thực chất trông khá “gồ ghề”, kể cả những làn da tưởng như mịn màng nhất. Chính nhờ silicone có cấu trúc phân tử lớn có thể làm đầy các rãnh mà không thấm xuống da, giúp bề mặt da trở nên bằng phẳng, để độ ẩm trong da không bị bay hơi, từ đó tạo hiệu ứng một làn da căng mượt không tì vết. </p>\r\n<p>Tuy nhiên, cũng chính vì tính chất này, nếu da không được làm sạch đúng cách, silicone sẽ \"giữ\" luôn những bụi bẩn, mồ hôi, dầu thừa, da chết và vi khuẩn trong lỗ chân lông, lâu ngày sinh ra mụn.</p>\r\n<table class=\"picture\" align=\"center\">\r\n    <tbody>\r\n        <tr>\r\n            <td class=\"pic\"><img   alt=\"Khi lan da co dau hieu nay, chung to ban chua lam sach dung cach hinh anh 2 \" src=\"https://znews-photo.zadn.vn/w660/Uploaded/wyhktpu/2019_06_03/image003_12.jpg\" width=\"800\" height=\"450\" /></td>\r\n        </tr>\r\n        <tr>\r\n            <td class=\"pCaption caption\">Silicone với cấu trúc phân tử lớn có thể làm đầy các rãnh, giúp bề mặt da trở nên bằng phẳng.</td>\r\n        </tr>\r\n    </tbody>\r\n</table>\r\n<p style=\"text-align: left;\"><span style=\"text-align: left;\">Silicone không được tẩy sạch khỏi da còn khiến da sạm và mất nước. Lớp màng này không những ngăn da hấp thụ độ ẩm bên ngoài mà còn hút ẩm trong lỗ chân lông của bạn, ảnh hưởng đến cân bằng độ ẩm trong da.</span></p>\r\n<p>Tiếp theo là việc da xuất hiện nếp nhăn, chảy xệ. Vòng tuần hoàn trung bình của da là 28 ngày. Trong thời gian này, tế bào mới trên da sẽ hình thành đồng nghĩa với việc các tế bào cũ sẽ bị chết đi và bong ra. Silicone bám trên da sẽ cản trở quá trình hình thành tế bào da mới và giữ cho da chết lâu bị đào thải hơn, làm chậm quá trình tái tạo tự nhiên của làn da. Lâu ngày, các dấu hiệu dễ nhận thấy là da biến đổi sắc tố, không đồng màu, xuất hiện nếp nhăn và mất đi độ đàn hồi tự nhiên vốn có. </p>\r\n<p>Hợp chất silicone thông dụng nhất, dimethicone, sẽ tạo một lớp màng mà nếu chỉ rửa mặt hàng ngày sẽ vẫn lưu lại dư lượng trên da. Đặc biệt, các loại mỹ phẩm chống thấm nước (water-proof) đang được chị em ưu ái lựa chọn lại càng khó tẩy sạch. </p>\r\n<p>Vậy có nên \"tẩy chay\" hoàn toàn các sản phẩm có chứa silicone? Câu trả lời là không. Bởi giải pháp hiệu quả và đơn giản nhất cho làn da là lựa chọn sản phẩm tẩy trang chuyên dụng làm sạch sâu cho cả mỹ phẩm chống nước, để loại bỏ hoàn toàn dư lượng silicone. </p>\r\n<p>Việc tẩy trang cần thực hiện hàng ngày kể cả khi chỉ dùng kem chống nắng, tránh các loại tẩy trang có chứa cồn dễ khiến da khô và kích ứng. Để bảo vệ làn da của mình, hãy tin dùng các thương hiệu tẩy trang uy tín, an toàn và phù hợp với từng loại da. </p>', '/img/bg-img/133.jpg', 2, 6, '2019-06-22 00:48:48', 'Đã duyệt', '2019-06-22 00:48:48', '<p class=\"mb-2\">Có vô vàn bí quyết dưỡng da, nhưng mẫu số chung cho làn da đẹp lại nằm trong cách làm sạch da của bạn.</p>', 29, NULL, '2019-06-23 15:38:31', 1);
INSERT INTO `post` VALUES (56, 'Bí quyết giữ gìn thanh xuân của Ốc Thanh Vân, Vân Hugo', ' <p>Trong các sản phẩm hỗ trợ cân bằng nội tiết tố an toàn và tiện lợi, tinh chất mầm đậu nành Nano Isoflavon Flagold  nhận được đánh giá tích cực từ các sao Việt như <a href=\"https://news.zing.vn/tieu-diem/oc-thanh-van.html\" title=\"Tin tức Ốc Thanh Vân\" class=\"topic person autolink\" topic-id=\"4521\">Ốc Thanh Vân</a>, Vân Hugo.</p>\r\n<p>Được mệnh danh là “bà mẹ đông con nhất showbiz Việt”, Ốc Thanh Vân vẫn luôn khiến người hâm mộ và khán giả ấn tượng bởi phong thái trẻ trung mỗi khi xuất hiện. Sinh 3 con trong 5 năm, với guồng quay công việc không ngừng nghỉ, thành công trong nhiều lĩnh vực kinh doanh riêng nhưng vẫn giữ được nhan sắc trẻ trung, Ốc Thanh Vân hào hứng chia sẻ bí quyết giữ gìn tuổi xuân mà ai cũng tò mò.</p>\r\n<table class=\"picture\" align=\"center\">\r\n    <tbody>\r\n        <tr>\r\n            <td class=\"pic\"><img   alt=\"Bi quyet giu gin thanh xuan cua Oc Thanh Van, Van Hugo hinh anh 1 \" src=\"https://znews-photo.zadn.vn/w660/Uploaded/wyhktpu/2019_06_07/1_8.jpg\" width=\"1006\" height=\"559\" /></td>\r\n        </tr>\r\n        <tr>\r\n            <td class=\"pCaption caption\">Nano Isoflavon Flagold là sản phẩm ruột của Ốc Thanh Vân.</td>\r\n        </tr>\r\n    </tbody>\r\n</table>\r\n<p>Qua tìm hiểu, cô được biết phụ nữ sau sinh có thể cân bằng nội tiết tố bằng cách bổ sung isoflavon. Sau khi tham khảo, Ốc Thanh Vẫn đã tìm được Nano Isoflavon Flagold - sản phẩm thực phẩm chức năng hội đủ các yếu tố về sự an toàn và hiệu quả, đạt chứng nhận là “Sản phẩm vàng vì sức khỏe cộng đồng”.</p>\r\n<p>Sản phẩm này bào chế dạng viên tiện lợi, nên cô có thể mang theo khi đi làm. Sau khi sử dụng,  cô thấy tinh thần mình thoải mái, vui vẻ hơn, không cáu gắt nữa. Cô chia sẻ: “Tiếp tục duy trì sản phẩm, mình thấy da sáng, tóc mượt hơn. Mình nghĩ  đây là sản phẩm mà hội chị em bạn dì nên dùng”.</p>\r\n<table class=\"picture\" align=\"center\">\r\n    <tbody>\r\n        <tr>\r\n            <td class=\"pic\"><img   alt=\"Bi quyet giu gin thanh xuan cua Oc Thanh Van, Van Hugo hinh anh 2 \" src=\"https://znews-photo.zadn.vn/w660/Uploaded/wyhktpu/2019_06_07/1a_4.jpg\" width=\"651\" height=\"480\" /></td>\r\n        </tr>\r\n        <tr>\r\n            <td class=\"pCaption caption\">Flagold được bào chế dạng viên nén tiện lợi khi sử dụng.<br />\r\n            </td>\r\n        </tr>\r\n    </tbody>\r\n</table>\r\n<p>Không chỉ Ốc Thanh Vân, Vân Hugo cũng khó tránh khỏi những tác động của tuổi tác, thời gian. Thay đổi lớn nhất phải kể đến là sự thay đổi về nội tiết tố của phụ nữ ngoài 30. Và cũng như Ốc Thanh Vân, Vân Hugo lựa chọn sản phẩm tinh chất mầm đậu nành Nano Isoflavon Flagold để hỗ trợ cân bằng nội tiết tố, giúp tuổi thanh xuân kéo dài.</p>\r\n<p>Cô chia sẻ: “Sở dĩ mình chọn Nano Isoflavon Flagold để hỗ trợ cân bằng nội tiết tố vì sản phẩm này đã được chứng nhận là sản phẩm vàng vì sức khỏe cộng động, được Bộ Y tế kiểm định và được chị em đồng nghiệp của mình tin dùng”. </p>\r\n<table class=\"picture\" align=\"center\">\r\n    <tbody>\r\n        <tr>\r\n            <td class=\"pic\"><img   alt=\"Bi quyet giu gin thanh xuan cua Oc Thanh Van, Van Hugo hinh anh 3 \" src=\"https://znews-photo.zadn.vn/w660/Uploaded/wyhktpu/2019_06_07/2__Copy_2.jpg\" width=\"989\" height=\"526\" /></td>\r\n        </tr>\r\n        <tr>\r\n            <td class=\"pCaption caption\">Vân Hugo cũng yêu thích sản phẩm Nano Isoflavon Flagold.</td>\r\n        </tr>\r\n    </tbody>\r\n</table>\r\n<p>Vân Hugo cho biết có thời gian cô hay bốc hỏa, cáu giận vô cớ, tóc thì rụng nhiều, vết chân chim, nếp nhăn, đốm tàn nhang xuất hiện, dù nhỏ và ít thôi nhưng cô biết đây là dấu hiệu lão hóa. Vân tham khảo ý kiến của bác sĩ thì được biết đây là triệu chứng của phụ nữ bước vào giai đoạn tiền mãn kinh, và đã quyết định dùng mầm đậu nành để hỗ trợ cân bằng <em></em>nội tiết tố.</p>\r\n<p>Cô cho biết sau khi sử dụng một thời gian, những triệu chứng cáu gắt, bốc hỏa đã được cải thiện, tinh thần lạc quan hơn, thoải mái hơn, sau đó da sáng lên, hồng hào hơn.</p>', '/img/bg-img/134.jpg', 2, 12, '2019-06-22 00:48:49', 'Đã duyệt', '2019-06-22 00:48:49', '<p class=\"mb-2\">Để hỗ trợ gìn giữ thanh xuân, Ốc Thanh Vân và Vân Hugo hiểu rằng cân bằng nội tiết tố bằng cách bổ sung chất isoflavon rất quan trọng.</p>', 42, NULL, '2019-06-08 15:38:34', 1);
INSERT INTO `post` VALUES (57, 'Đây là mặt trước của bộ đôi Galaxy Note 10', '<p>Tài khoản&nbsp;Ice Universe vừa đăng tải lên Twitter một số hình ảnh về mặt trước của bộ đôi Samsung Galaxy Note 10 và Note 10 Pro. Theo đó, máy sẽ có thiết kế tràn viền tương tự thế hệ <a href=\"https://news.zing.vn/tieu-diem/galaxy-s10.html\" title=\"Tin tức Galaxy S10\" class=\"topic company autolink\" topic-id=\"5126\">Galaxy S10</a>, tuy nhiên tổng thể được làm vuông vức hơn.</p>\r\n<p>Cạnh bên của máy vẫn được bo cong đều sang 2 bên. Đáng chú ý, hình ảnh này cho thấy phần viền trên và dưới đã được hãng tối ưu mỏng hơn  trước. Cảm biến vân tay cũng được đặt ở phía dưới màn hình.</p>\r\n<table class=\"picture\" align=\"center\">\r\n    <tbody>\r\n        <tr>\r\n            <td class=\"pic\"><img   alt=\"Day la mat truoc cua bo doi Galaxy Note 10 hinh anh 1 \" src=\"https://znews-photo.zadn.vn/w660/Uploaded/fsmyy/2019_06_18/aHR0cDovL21lZGlhLmJlc3RvZm1pY3JvLmNvbS80L0ovODQyNTYzL29yaWdpbmFsL0dhbGF4eU5vdGUxMHZzTm90ZTEwUHJvLmpwZw.jpg\" width=\"1251\" height=\"730\" /></td>\r\n        </tr>\r\n        <tr>\r\n            <td class=\"pCaption caption\">Hình ảnh mặt trước của bộ đôi Galaxy Note 10 và Note 10 Pro. Ảnh:<em>&nbsp;Ice Universe.</em></td>\r\n        </tr>\r\n    </tbody>\r\n</table>\r\n<p>Galaxy Note 10 và Note 10 Pro sử dụng màn hình Super AMOLED với kích thước lần lượt 6,4 inch và 6,7 inch. Camera selfie được bố trí ở chính giữa, thay vì đặt lệch sang bên phải màn hình như trên thế hệ Galaxy S10.</p>\r\n<p>Theo <em>PhoneArena</em>, máy sẽ được phát hành với 2 phiên bản sử dụng chip Snapdragon 855 hoặc Exynos 9825 ở các thị trường khác nhau.<strongr></strongr> Gần đây, trang chấm điểm hiệu năng các thiết bị di động Geekbench đã đăng thông tin cấu hình về bộ đôi SM-N976B và SM-N976V được xem là 2 phiên bản của Galaxy Note 10. Chúng có điểm hiệu năng tương đương với chiếc S10+, nhưng vẫn chưa thể vượt qua đối thủ <a href=\"https://news.zing.vn/tieu-diem/iphone-xs.html\" title=\"Tin tức iPhone XS\" class=\"topic company autolink\" topic-id=\"4608\">iPhone XS</a> Max.</p>\r\n<p>Nguồn tin từ <em>ETNews </em>cho biết Samsung sẽ loại bỏ giắc cắm tai nghe 3,5 mm trên thế hệ Galaxy Note 10.&nbsp;<strongr></strongr>Dự kiến, máy sẽ được giới thiệu vào ngày 10/8. Theo <em>GSMArena</em>, bộ đôi sẽ có giá khoảng 1.100-<abbr class=\"rate-usd\">1.200 USD</abbr>. </p>\r\n<figure class=\"video cms-video\" false source-url=\"/video-ban-dung-galaxy-note-10-voi-man-hinh-tran-vien-4-camera-post938708.html\" data-video-src=\"https://znews-mcloud-bf-s2.zadn.vn/ZRTdcFBFe2Q/0ae74235d872312c6863/378680639b2672782b37/720/Samsung_Galaxy_note_10_introdu.mp4?authen=exp=1561033906~acl=/ZRTdcFBFe2Q/*~hmac=9f1f99a8232c18a26669edcdd750cafc\"><div class=\"video-container formatted\" style=\"background-image: url(https://znews-photo.zadn.vn/w660/Uploaded/fsmyy/2019_04_23/8.jpg);\" aspect=\"16:9\"><video playsinline muted src=\"https://znews-mcloud-bf-s2.zadn.vn/iNxqxN19A9Y/d23faced36aadff486bb/328fb36aa82f4171183e/480/Samsung_Galaxy_note_10_introdu.mp4?authen=exp=1561033906~acl=/iNxqxN19A9Y/*~hmac=e1f9397963afe934de448ab33f7a0d6f\"  controls=\'controls\' allowads=\'true\' onlyvietnam=\'false\'  poster=\"https://znews-photo.zadn.vn/w660/Uploaded/fsmyy/2019_04_23/8.jpg\" preload=\'none\' aspect=\'16:9\' mediaId=\'0a3979e4c4a32dfd74b2\'><source src=\"https://znews-mcloud-mpl-s2.zadn.vn/umkBAf00csk/whls/vod/0/6HmTOrRNrTNrzVQseSe/Samsung_Galaxy_note_10_introdu.m3u8?authen=exp=1560990706~acl=/umkBAf00csk/*~hmac=0cc8204f73360c09538587beffe5ff23\" type=\"application/x-mpegURL\" label=\"Auto\" /><source src=\"https://znews-mcloud-bf-s2.zadn.vn/iNxqxN19A9Y/d23faced36aadff486bb/328fb36aa82f4171183e/480/Samsung_Galaxy_note_10_introdu.mp4?authen=exp=1561033906~acl=/iNxqxN19A9Y/*~hmac=e1f9397963afe934de448ab33f7a0d6f\" type=\"video/mp4\" label=\"SD\" res=\"480\" /><source src=\"https://znews-mcloud-bf-s2.zadn.vn/ZRTdcFBFe2Q/0ae74235d872312c6863/378680639b2672782b37/720/Samsung_Galaxy_note_10_introdu.mp4?authen=exp=1561033906~acl=/ZRTdcFBFe2Q/*~hmac=9f1f99a8232c18a26669edcdd750cafc\" type=\"video/mp4\" label=\"HD\" res=\"720\" /></video></div><figcaption><strong><a href=\"/video-ban-dung-galaxy-note-10-voi-man-hinh-tran-vien-4-camera-post938708.html\" cate-id=\"614\" cate-name=\"Mobile\" topic-id=\"company-4608,company-4609,company-5126\" target=\"_blank\" class=\"autolink\">Bản dựng Galaxy Note 10 với màn hình tràn viền, 4 camera</a></strong> Theo những thông tin rò rỉ gần đây, các nhà thiết kế tại Concept Creator đã tạo ra bản dựng về chiếc Galaxy Note 10 với 4 camera và màn hình tràn viền.</figcaption></figure>\r\n<table align=\"center\" class=\"article\">\r\n    <tbody>\r\n        <tr>\r\n            <td><div class=\"inner-article\"><a href=\"/day-la-nhung-gi-ban-can-biet-ve-galaxy-note-10-post956330.html\"><p class=\"cover formatted\" style=\"background-image:url(https://znews-photo.zadn.vn/w210/Uploaded/fsmyy/2019_06_13/samsunggalaxynote10conceptrenders2.jpg);\"></p><h2 class=\"title\">Đây là những gì bạn cần biết về Galaxy Note 10</h2><p class=\"summary\">Nguồn tin từ GSMArena cho biết Galaxy Note 10 sẽ có giá bán khoảng 1.100-<abbr class=\"rate-usd\">1.200 USD</abbr>.</p></a></div></td>\r', '/img/bg-img/135.jpg', 3, 2, '2019-06-22 00:48:50', 'Đã duyệt', '2019-06-22 00:48:50', '<p class=\"mb-2\">Hình ảnh rò rỉ cho thấy Galaxy Note 10 có thiết kế tương tự thế hệ S10. Tuy nhiên, ngoại hình tổng thể sẽ vuông vức và cứng cáp hơn.</p>', 19, NULL, '2019-04-21 15:38:38', 0);
INSERT INTO `post` VALUES (58, 'Casio tung máy chiếu kết nối không dây một chạm với smartphone', '<p>Casio mang tới tại thị trường Việt Nam dòng máy chiếu ES thế hệ mới gồm 4 sản phẩm, tên mã lần lượt XJ-S400W, XJ-S400WN, XJ-S400U và phiên bản cao cấp nhất XJ-S400UN.</p>\r\n<p>Casio XJ-S400UN sở hữu thiết kế tối giản với các bề mặt được vát cong nhẹ. Các phím bấm điều khiển được bố trí ở mặt trên của thiết bị, trong khi khe tản nhiệt sắp xếp ở 2 bên cạnh. Phần ống kính bao gồm vòng zoom quang học và vòng điều chỉnh độ nét được đặt gọn ở cạnh trái.</p>\r\n<table class=\"picture\" align=\"center\">\r\n    <tbody>\r\n        <tr>\r\n            <td class=\"pic\"><img   alt=\"Casio tung may chieu ket noi khong day mot cham voi smartphone hinh anh 1 \" src=\"https://znews-photo.zadn.vn/w660/Uploaded/fsmyy/2019_06_13/DSC01927.jpg\" width=\"6000\" height=\"4000\" /></td>\r\n        </tr>\r\n        <tr>\r\n            <td class=\"pCaption caption\">&nbsp;XJ-S400UN được trang bị công nghệ nguồn sáng R-Hybrid.</td>\r\n        </tr>\r\n    </tbody>\r\n</table>\r\n<p>Chiếc máy này cũng hỗ trợ đầy đủ các cổng kết nối&nbsp;bao gồm cổng gắn dây nguồn, cổng LAN, 2 cổng VGA, cổng Serial, 2 cổng HDMI, giắc kết nối Audio In/Out và 2 cổng Micro USB được dùng để cập nhật phần mềm hệ thống.<strongr></strongr></p>\r\n<p>Casio cho biết chiếc XJ-S400UN được trang bị công nghệ nguồn sáng R-Hybrid với thời lượng 20.000 giờ. Thiết bị cho độ sáng 4.000 lumen, hỗ trợ độ phân giải WXGA và WUXGA với phần ống kính có độ thu phóng 1,7 lần.</p>\r\n<p><strongr></strongr></p>\r\n<p>XJ-S400UN cho phép người dùng kết nối không dây với máy tính xách tay hoặc smartphone với chỉ một lần chạm. </p>\r\n<p>Phần mềm quản lý cho phép kết nối tối đa 40 thiết bị cùng hệ thống mạng. Trong đó, máy chiếu có khả năng hiển thị cùng lúc hình ảnh từ 4 nguồn phát khác nhau theo dạng chia màn hình. Người dùng cũng có thể thay đổi các nguồn phát thông qua phần mềm.</p>\r\n<p>\"Trong điều kiện không có vật cản giữa nguồn phát và máy chiếu, khoảng cách tối ưu để hình ảnh có thể hiển thị ổn định nằm trong bán kính 10 m\", kỹ thuật viên của Casio chia sẻ với <em>Zing.vn.</em></p>\r\n<table class=\"picture\" align=\"center\">\r\n    <tbody>\r\n        <tr>\r\n            <td class=\"pic\"><img   alt=\"Casio tung may chieu ket noi khong day mot cham voi smartphone hinh anh 2 \" src=\"https://znews-photo.zadn.vn/w660/Uploaded/fsmyy/2019_06_13/DSC01929_1.jpg\" width=\"6000\" height=\"4000\" /></td>\r\n        </tr>\r\n        <tr>\r\n            <td class=\"pCaption caption\">XJ-S400UN được sản xuất tại Nhật Bản và hỗ trợ 3 năm bảo hành.</td>\r\n        </tr>\r\n    </tbody>\r\n</table>\r\n<p>Trên các sản phẩm thế hệ mới của Casio, hãng sử dụng cấu trúc ngăn chặn bụi đặc biệt, cho phép không cần dùng đến bộ lọc. Điều này giúp người dùng tiết kiệm thời gian và chi phí bảo dưỡng trong quá trình sử dụng.<strongr></strongr></p>\r\n<p>Máy&nbsp;hướng tới đối tượng khách hàng giáo dục, phục vụ trong các trường học. So với một số sản phẩm khác như Sony VPL-EX570, Epson EB 2140W hay Panasonic PT-VW355NZ,  kích thước của Casio XJ-S400UN tương đối lớn, không phù hợp với nhu cầu di chuyển.</p>\r\n<p>Hiện tại, mức giá và ngày bán ra chính thức của thiết bị này vẫn chưa được tiết lộ.<strongr></strongr></p>\r', '/img/bg-img/136.jpg', 3, 6, '2019-06-22 00:48:51', 'Đã duyệt', '2019-06-22 00:48:51', '<p class=\"mb-2\">XJ-S400UN thuộc dòng máy chiếu cao cấp, có thiết kế tối giản, kết nối không dây với smartphone, laptop.</p>', 27, NULL, '2019-05-12 15:38:42', 0);
INSERT INTO `post` VALUES (59, '10 tính năng độc quyền trên iPadOS không thể tìm thấy ở iOS 13', '<p>iPadOS được tách ra thành hệ điều hành riêng chuyên hỗ trợ cho máy tính bảng. Nền tảng mới biến iPad thành thiết bị mạnh mẽ, giúp ích rất nhiều trong công việc. Người dùng cũng không quá bỡ ngỡ bởi iPadOS nhìn bề ngoài khá giống với iOS, nhưng trang bị nhiều tính năng như trên máy tính.</p>\r\n<p>iPad đã hỗ trợ chuột, USB, tính đa nhiệm và vô số thao tác cử chỉ linh hoạt. Dưới đây là 10 tính năng hàng đầu của iPadOS mà bạn không thể tìm thấy trên iOS 13.</p>\r\n<table class=\"picture\" align=\"center\">\r\n    <tbody>\r\n        <tr>\r\n            <td class=\"pic\"><img   alt=\"10 tinh nang doc quyen tren iPadOS khong the tim thay o iOS 13 hinh anh 1 \" src=\"https://znews-photo.zadn.vn/w660/Uploaded/sotiuv/2019_06_18/ipadostinhnang1.jpg\" width=\"675\" height=\"396\" /></td>\r\n        </tr>\r\n        <tr>\r\n            <td class=\"pCaption caption\">Giao diện màn hình chính của iPadOS nhìn thoáng hơn nhờ kích thước lớn.</td>\r\n        </tr>\r\n    </tbody>\r\n</table>\r\n<h3>Đa nhiệm Split View, Slide Over</h3>\r\n<p>Từ iOS 9, iPad đã có chế độ chia đôi màn hình (Split View) và cửa sổ nổi (Slide Over). Hai tính năng này không có trên iPhone và giờ còn tốt hơn nữa với iPadOS.</p>\r\n<p>Với Split View, người dùng có thể chạy hai ứng dụng cùng lúc với màn hình chia đôi. Trong khi tính năng Slide Over cho phép ghim ứng dụng thứ hai bằng cửa sổ nổi trên nền ứng dụng chính. Giờ đây, bạn có thể xem hai tab trình duyệt cùng lúc, vừa soạn email vừa theo dõi Facebook.</p>\r\n<p>Để sử dụng tính năng đa nhiệm, đầu tiên bạn mở một ứng dụng lên, sau đó vuốt từ cạnh dưới màn hình để hiển thị thanh Dock. Chọn ứng dụng thứ hai trên Dock, nhấn giữ và kéo sang một bên màn hình để xem với chế độ Slide Over, hoặc kéo ra mép cạnh bên để chạy Split View.</p>\r\n<h3>Hỗ trợ bút từ với nhiều thủ thuật mới</h3>\r\n<p>iPad là thiết bị duy nhất của <a href=\"https://news.zing.vn/tieu-diem/cong-ty-apple.html\" title=\"Tin tức Apple\" class=\"topic company autolink\" topic-id=\"3474\">Apple</a> hỗ trợ bút từ, cho độ chính xác và linh hoạt cao. Người dùng có thể vẽ, ghi chú và đánh dấu mọi thứ để tạo cảm giác giống như viết trên giấy. Bước đầu, bạn vẽ từ góc màn hình để mở chế độ đánh dấu, trong đó bao gồm cả tính năng chụp ảnh màn hình.</p>\r\n<table class=\"picture\" align=\"center\">\r\n    <tbody>\r\n        <tr>\r\n            <td class=\"pic\"><img   alt=\"10 tinh nang doc quyen tren iPadOS khong the tim thay o iOS 13 hinh anh 2 \" src=\"https://znews-photo.zadn.vn/w660/Uploaded/sotiuv/2019_06_18/ipadostinhnang2.jpg\" width=\"620\" height=\"400\" /></td>\r\n        </tr>\r\n        <tr>\r\n            <td class=\"pCaption caption\">iPad là thiết bị hỗ trợ bút từ.</td>\r\n        </tr>\r\n    </tbody>\r\n</table>\r\n<p>Điểm thú vị ở chế độ này là nó cho phép chụp toàn bộ trang web chứ không chỉ có phần đang xem. Khi kết nối với MacBook, iPad hoạt động như màn hình thứ hai. Nhờ thế, bạn có thể vẽ vời ngay trên iPad và hiển thị kết quả trên Mac.</p>\r\n<h3>Hỗ trợ nhiều lệnh cử chỉ gồm Cut, Copy, Paste</h3>\r\n<p>Nếu không có bàn phím ngoài, bạn sẽ hơi mệt nếu thao tác chỉnh sửa văn bản trên iPad. Giờ đây, iPadOS đã hỗ trợ nhiều lệnh cử chỉ thông dụng như Cut, Copy, Paste, Undo hay Redo. Chọn văn bản, sau đó chụm 3 ngón tay lại để thực hiện lệnh sao chép, lặp lại cử chỉ này lần nữa để cắt. </p>\r\n<p>Thao tác ngược lại là kéo thả 3 ngón ra để dán nội dung. Nếu mắc lỗi, bạn vuốt 3 ngón tay sang trái để hoàn tác (undo), còn vuốt sang phải là redo (thực hiện lại những thao tác đã undo).</p>\r\n<table class=\"picture\" align=\"center\">\r\n    <tbody>\r\n        <tr>\r\n            <td class=\"pic\"><img   alt=\"10 tinh nang doc quyen tren iPadOS khong the tim thay o iOS 13 hinh anh 3 \" src=\"https://znews-gif.zadn.vn/Uploaded/sotiuv/2019_06_18/ipados.gif\" width=\"500\" height=\"350\" /></td>\r\n        </tr>\r\n        <tr>\r\n            <td class=\"pCaption caption\">Thao tác dán văn bản rất dễ dàng.</td>\r\n        </tr>\r\n    </tbody>\r\n</table>\r\n<h3>iPad trở thành màn hình thứ hai của Mac</h3>\r\n<p>Một tính năng mới có tên Sidecar sẽ biến iPad thành màn hình thứ hai của MacBook (chạy macOS Catalina). Sau khi kết nối hai thiết bị, nhấp vào menu Displays trên Mac và chọn kết nối với iPad. Giờ đây, bạn có thể sử dụng Apple Pencil để vẽ lên các ứng dụng như Photoshop hay Pixelmator của macOS.</p>\r\n<h3>Thanh Dock lớn hơn, thông minh hơn</h3>\r\n<p>iPad có màn hình lớn hơn iPhone nên thật hợp lý khi Apple bố trí nhiều ứng dụng trên thanh Dock. Góc bên phải có ba ứng dụng gợi ý từ hệ thống để phù hợp với nhu cầu người dùng. Bạn cũng có thể kéo ứng dụng từ Dock để hiển thị trong chế độ đa nhiệm Split View hoặc Slide Over.</p>\r\n<h3>Màn hình chính giống desktop</h3>\r\n<p>iPadOS đã tối ưu màn hình Home để chứa nhiều widget bên trái, cạnh các icon ứng dụng khác. Nếu muốn, người dùng cũng có thể bỏ hiển thị widget bằng cách nhấn vào Edit ở cuối Today View, tắt mục “Always Show the Today View”. Ngoài ra, kích thước và khoảng cách giữa các icon đã thu hẹp đáng kể cho phép hiển thị nhiều ứng dụng hơn trên màn hình.</p>\r\n<table class=\"picture\" align=\"center\">\r\n    <tbody>\r\n        <tr>\r\n            <td class=\"pic\"><img   alt=\"10 tinh nang doc quyen tren iPadOS khong the tim thay o iOS 13 hinh anh 4 \" src=\"https://znews-photo.zadn.vn/w660/Uploaded/sotiuv/2019_06_18/ipadostinhnang4.jpg\" width=\"620\" height=\"400\" /></td>\r\n        </tr>\r\n        <tr>\r\n            <td class=\"pCaption caption\">iPad trở thành màn hình thứ hai của Mac.</td>\r\n        </tr>\r\n    </tbody>\r\n</table>\r\n<h3>Ứng dụng Files</h3>\r\n<p>Ứng dụng Files trên iPadOS giúp quản lý tệp tin dễ hơn. Tính năng hỗ trợ đa cửa sổ để có thể mở hai thư mục cạnh nhau và dễ dàng di chuyển tệp. Hay chế độ xem dạng cột tương tự Finder.</p>\r\n<p>Chưa hết, Files còn hoạt động với bộ nhớ ngoài, ổ flash hay thẻ SD để truyền tải tệp trực tiếp vào máy tính bảng. Người dùng có thể kết nối với máy chủ hoặc PC từ xa ngay trong ứng dụng Files.</p>\r\n<h3>Fonts</h3>\r\n<p>iPad vốn được các chuyên gia sử dụng trong công việc sáng tạo với các công cụ như Pixelmator hay Photoshop đầy mạnh mẽ. Vì thế, hỗ trợ phông chữ là điều hết sức cần thiết. Ứng dụng Fonts sẽ sớm bán trên App Store, dù hiện tại chưa sẵn để download về.</p>\r\n<h3>Trình quản lý tải xuống trên Safari</h3>\r\n<p>Safari trên iPadOS đã có nhiều cải tiến đáng giá. Đầu tiên, giao diện cho trải nghiệm giống như đang lướt web trên máy Mac. Trang sẽ được tải đúng với chế độ desktop, kết hợp với chuột bàn phím nhìn rất ấn tượng.</p>\r\n<p>Ngoài ra, Safari còn hiển thị quá trình tải xuống với icon ngay trên trình duyệt. Khi hoàn thành, chỉ việc nhấp vào tệp, ví dụ như file word, thì sẽ mở ở chế độ xem trước toàn màn hình.</p>\r\n<h3>Lưu trữ bên ngoài</h3>\r\n<p>Giờ đây, bạn có thể gắn bộ nhớ ngoài, thẻ SD hay USB vào iPad thông qua cổng Lightning hoặc USB C. Người dùng dễ dàng sao chép các tệp vào máy tính bảng thông qua ứng dụng Files.</p>\r', '/img/bg-img/137.jpg', 3, 12, '2019-06-22 00:48:52', 'Đã duyệt', '2019-06-22 00:48:52', '<p class=\"mb-2\">iPadOS được công bố tại WWDC 2019, trở thành hệ điều hành riêng của iPad với nhiều cải tiến hỗ trợ công việc. Nó sở hữu những tính năng độc quyền mà iOS 13 không có.</p>', 66, NULL, '2019-05-26 15:38:46', 1);
INSERT INTO `post` VALUES (60, 'Cổ phiếu CEO chuyển động, thu hút dòng tiền', '<p style=\"text-align: left;\"><span style=\"text-align: left;\">Đại diện Quỹ PYN (Phần Lan) khẳng định doanh nghiệp nào được quỹ chọn để đồng hành phải hội tụ những yếu tố cần và đủ, đồng thời có sức mạnh để bật lên. Thực tế, PYN hiếm khi chọn nhầm cổ phiếu, và trong danh mục của họ, CEO là cổ phiếu đang chiếm tỷ trọng lớn. Vậy cổ phiếu midcap CEO có gì hấp dẫn?</span></p>\r\n<h3>Nền tảng tài chính tích cực</h3>\r\n<p>Báo cáo tài chính quý I của CTCP Tập đoàn CEO cho thấy, doanh thu tập đoàn đạt <abbr class=\"rate-vnd\">1.063 tỷ đồng</abbr>, gấp 2,45 lần quý I/2018, ghi nhận mức doanh thu quý cao nhất từ trước đến nay.</p>\r\n<table class=\"picture\" align=\"center\">\r\n    <tbody>\r\n        <tr>\r\n            <td class=\"pic\"><img   alt=\"Co phieu CEO chuyen dong, thu hut dong tien hinh anh 1 \" src=\"https://znews-photo.zadn.vn/w660/Uploaded/wyhktpu/2019_06_19/image001_1.jpg\" width=\"1430\" height=\"805\" /></td>\r\n        </tr>\r\n        <tr>\r\n            <td class=\"pCaption caption\">Kết quả kinh doanh của Tập đoàn CEO từ năm 2016 đến 2018.</td>\r\n        </tr>\r\n    </tbody>\r\n</table>\r\n<p style=\"text-align: left;\"><span style=\"text-align: left;\">Đóng góp chủ yếu vào kết quả này là mảng kinh doanh bất động sản với <abbr class=\"rate-vnd\">840,8 tỷ đồng</abbr>, tăng gấp 3,5 lần cùng kỳ 2018 nhờ mở bán các dự án tại Hà Nội, Hà Nam, Phú Quốc. Trong đó, đáng chú ý là phân kỳ 2-3 dự án River Silk City (Hà Nam) với tổng số sản phẩm chào bán gần 650 nền nhà phố thương mại và biệt thự.</span></p>\r\n<p>Với biên lợi nhuận gộp lên đến 34,7%, riêng mảng bất động sản đã đem về <abbr class=\"rate-vnd\">292 tỷ đồng</abbr> lợi nhuận gộp. Cùng với thương mại và dịch vụ, lợi nhuận gộp quý I đạt <abbr class=\"rate-vnd\">302,9 tỷ đồng</abbr>, tăng 64% so với cùng kỳ 2018.</p>\r\n<p>Tính đến cuối quý I, lợi nhuận trước thuế (LNTT) của Tập đoàn CEO đạt <abbr class=\"rate-vnd\">131,8 tỷ đồng</abbr>, tăng 36,4% so với quý I/2018 dù các chi phí bán hàng, quản lý cũng tăng mạnh. Liên tục tăng trưởng về quy mô tài sản, song nguồn vốn hiệu suất sinh lời trên vốn chủ sở hữu của Tập đoàn CEO luôn duy trì quanh 15%.</p>\r\n<p>Cũng trong thời gian này, báo cáo tài chính (BCTC) tập đoàn đang có khoản mục người mua trả tiền trước lên tới <abbr class=\"rate-vnd\">2.620,3 tỷ đồng</abbr>, chiếm 30% nguồn vốn. Đây là sự đảm bảo cho bài toán doanh thu, cho thấy các dòng sản phẩm đang đáp ứng được khẩu vị của nhà đầu tư, đồng thời góp lời giải quan trọng cho bài toán vốn của tập đoàn. </p>\r\n<p>Đồng thời, từ đầu năm đến nay, Tập đoàn CEO liên tục có các dự án chào hàng gối đầu. Tới đây, khu phố thương mại Singapore Shoptel thuộc dự án Sonasea Vân Đồn Harbor City tại Vân Đồn sẽ chính thức mở bán, mang về nguồn doanh thu lớn cho doanh nghiệp.</p>\r\n<p>Với những tín hiệu tốt trong hoạt động sản xuất kinh doanh ngay thời điểm đầu năm, tập đoàn đặt kế hoạch đạt doanh thu hợp nhất <abbr class=\"rate-vnd\">3.200 tỷ đồng</abbr>, tăng trưởng 34%, mang về nguồn doanh thu sau thuế hợp nhất đạt <abbr class=\"rate-vnd\">445 tỷ đồng</abbr>.</p>\r\n<h3>Quỹ đất giàu tiềm năng</h3>\r\n<p>Sức bật lớn nhất của Tập đoàn CEO nằm ở quỹ đất lớn, trải dài trên các vùng đất giàu tiềm năng như Phú Quốc, Vân Đồn, Nha Trang, Cần Thơ, Quảng Bình…</p>\r\n<table class=\"picture\" align=\"center\">\r\n    <tbody>\r\n        <tr>\r\n            <td class=\"pic\"><img   alt=\"Co phieu CEO chuyen dong, thu hut dong tien hinh anh 2 \" src=\"https://znews-photo.zadn.vn/w660/Uploaded/wyhktpu/2019_06_19/image003_1.jpg\" width=\"1430\" height=\"804\" /></td>\r\n        </tr>\r\n        <tr>\r\n            <td class=\"pCaption caption\">Đến năm 2021, tập đoàn kỳ vọng đạt <abbr class=\"rate-vnd\">8.000 tỷ đồng</abbr> doanh thu, trong đó lợi nhuận sau thuế đạt <abbr class=\"rate-vnd\">800 tỷ đồng</abbr>.</td>\r\n        </tr>\r\n    </tbody>\r\n</table>\r\n<p style=\"text-align: left;\"><span style=\"text-align: left;\">Ông Đoàn Văn Bình, Chủ tịch Tập đoàn CEO chia sẻ, tập đoàn đặt mục tiêu đến năm 2021 cung ứng 3.000 phòng khách sạn tiêu chuẩn 5 sao quốc tế tại các thị trường du lịch trọng điểm của Việt Nam. Cho đến nay, Tập đoàn CEO đã đưa vào vận hành hiệu quả 1.500 phòng nghỉ dưỡng 5 sao thuộc Novotel Phu Quoc Resort, Novotel Villas và Best Western Premier Sonasea Phu Quoc.</span></p>\r\n<p>Tại điểm đến mới Vân Đồn, tập đoàn hiện tập trung 3 ca/ngày đêm với mục tiêu mở bán khu phố thương mại Singapore Shoptel trong năm nay và đưa tổ hợp khu nghỉ dưỡng có quy mô 1.000 phòng đạt chuẩn quốc tế vào hoạt động vào năm 2020.</p>\r\n<p>Bên cạnh thị trường bất động sản nghỉ dưỡng, tập đoàn còn triển khai những dự án bất động sản đô thị tiềm năng, như KĐT Mê Linh Springville (Hà Nội), KĐT River Silk City (Hà Nam), KĐT Sunny Garden City (Hà Nội), KĐT Riverine Can Tho City (Cần Thơ), dự án Sonasea Residences (Phú Quốc)...</p>\r\n<p>Lợi thế quỹ đất rộng, hàng loạt dự án liên tục gối đầu, sản phẩm bất động sản đánh vào phân khúc có nhu cầu đầu tư, kinh doanh hoặc ở thực sẽ tiếp tục mang đến cho CEO triển vọng kinh doanh tăng trưởng cao. Theo kế hoạch, đến năm 2021, tập đoàn sẽ có quy mô doanh thu đạt <abbr class=\"rate-vnd\">8.000 tỷ đồng</abbr>, lợi nhuận sau thuế đạt <abbr class=\"rate-vnd\">800 tỷ đồng</abbr>, tổng tài sản đạt mức <abbr class=\"rate-vnd\">13.800 tỷ đồng</abbr>.  </p>\r', '/img/bg-img/138.jpg', 4, 2, '2019-06-22 00:48:53', 'Đã duyệt', '2019-06-22 00:48:53', '<p class=\"mb-2\">Với tiềm lực tài chính tốt, chiến lược phát triển rõ ràng, khả năng huy động vốn cao nhờ hoạt động trong các lĩnh vực phát triển nhanh, cổ phiếu CEO đang thu hút các nhà đầu tư.</p>', 33, NULL, '2019-04-14 15:38:49', 1);
INSERT INTO `post` VALUES (61, 'TMĐT lên ngôi, ngân hàng tung voucher không giới hạn thanh toán', '<p>Năm 2018, thương mại điện tử (TMĐT) Việt Nam chứng kiến nhiều bước tiến nổi bật. Thị trường mua sắm trực tuyến sôi động hơn bao giờ hết với sự góp mặt của nhiều sàn thương mại điện tử lớn. Báo cáo từ <em>BoxMe</em> cho thấy, doanh thu TMĐT Việt Nam đạt <abbr class=\"rate-usd\">2,269 triệu USD</abbr> và nằm trong top 6 nền thương mại điện tử phát triển nhất toàn cầu năm 2018. Tổng số khách hàng trên TMĐT là 49,8 triệu người và xu hướng mua sắm trên di động tăng 72% so với cùng kỳ năm trước.</p>\r\n<p>Thói quen tiêu dùng thay đổi nhanh chóng, những ứng dụng mua sắm trên di động ra đời ngày càng nhiều, nhằm nắm bắt và chuyển đổi “người dùng điện thoại di động” thành “người mua sắm trên di động”.</p>\r\n<table class=\"picture\" align=\"center\">\r\n    <tbody>\r\n        <tr>\r\n            <td class=\"pic\"><img   alt=\"TMDT len ngoi, ngan hang tung voucher khong gioi han thanh toan hinh anh 1 \" src=\"https://znews-photo.zadn.vn/w660/Uploaded/wyhktpu/2019_06_19/GOTIT_OP4_copy_5.jpg\" width=\"1200\" height=\"800\" /></td>\r\n        </tr>\r\n        <tr>\r\n            <td class=\"pCaption caption\">E-voucher không giới hạn thanh toán tối thiểu.</td>\r\n        </tr>\r\n    </tbody>\r\n</table>\r\n<p>Trước thực tế đó, VIB kết hợp với GotIt - thuộc Công ty cổ phần DayOne (start-up) triển khai tính năng “Tặng quà E-voucher” với nhiều tiện ích: Không ràng buộc giá trị thanh toán tối thiểu, không bó hẹp nhu cầu đổi quà, không hạn chế số lượng E-voucher, không tiềm ẩn điều kiện phát sinh phí.</p>\r\n<p>Khách hàng có thể mua sắm, tặng quà cho người thân, bạn bè, đối tác bất kỳ lúc nào và ở đâu. Truy cập vào MyVIB, tìm tính năng “Tặng quà E-voucher”, lựa chọn “Giá trị quà tặng” hoặc chọn quà trong danh sách các các thương hiệu uy tín, sau đó điền email/số điện thoại người tặng để hệ thống tự động gửi mã code. Chỉ cần ngồi một chỗ, gửi kèm lời chúc và xác nhận thanh toán, người dùng đã hoàn thành việc mua quà tặng điện tử, tiết kiệm đáng kể thời gian và các khoản phí vận chuyển, đóng gói so với tặng hiện vật.</p>\r\n<p>Người được tặng sau đó đưa mã code đến 1.821 điểm, cửa hàng của 70 thương hiệu nổi tiếng về thức ăn nhanh - cà phê; thời trang - mỹ phẩm; trung tâm mua sắm - siêu thị... Từ 19/6 đến 8/7, 900 khách hàng đầu tiên có giao dịch mua sắm E-voucher thành công với giá trị bất kỳ trên MyVIB sẽ được tặng một E-voucher trị giá 100.000 đồng. </p>\r\n<p>Bà Phạm Thu Hà - Giám đốc Phát triển sản phẩm Ngân hàng số VIB, cho biết: “Nằm trong định hướng mở rộng vai trò hệ sinh thái công nghệ số và khuyến khích sự phát triển của các công ty start-up, fintech, VIB tiếp tục khẳng định vị trí tiên phong trong việc hợp tác với công ty start-up DayOne cho ra mắt tính năng tặng quà điện tử E-voucher. Với mục tiêu mang tới trải nghiệm đa dạng trên nền tảng công nghệ số, chúng tôi hy vọng tiếp tục nhận được sự ủng hộ từ khách hàng như những lần hợp tác với các công ty start-up trước đây”.</p>\r\n<p>Mới đây, VIB cũng triển khai chương trình khuyến mại tặng 30.000 món quà ý nghĩa cho khách hàng gửi tiết kiệm; chương trình miễn phí vô điều kiện 6 tháng đầu tiên với phí chuyển online và rút tiền nội - ngoại mạng trên 17.000 ATM toàn quốc. </p>\r', '/img/bg-img/139.jpg', 4, 6, '2019-06-22 00:48:54', 'Đã duyệt', '2019-06-22 00:48:54', '<p class=\"mb-2\">Công nghệ phát triển kéo theo nhu cầu mua sắm trực tuyến tăng cao. Tận dụng cơ hội này, ngân hàng tung voucher không giới hạn thanh toán tối thiểu, mang đến đa dạng lựa chọn.</p>', 79, NULL, '2019-04-07 15:38:53', 0);
INSERT INTO `post` VALUES (62, 'Người kinh doanh dịch vụ ăn uống có nên đầu tư máy làm đá viên?', '<p>Đá viên là một trong những nguyên liệu thông dụng trong cuộc sống và được sử dụng trong mọi điều kiện thời tiết. Trước kia, những hộ sản xuất, kinh doanh đá viên có thể “ăn nên làm ra” vì nhu cầu quá lớn của thị trường. Giờ đây, những chiếc máy làm đá viên tinh khiết lại trở thành sự lựa chọn của các nhà hàng, quán ăn, quán cà phê… </p>\r\n<h3>Chất lượng đá viên an toàn hơn</h3>\r\n<p>Khi nhu cầu sử dụng ngày càng lớn, nhất là vào mùa hè, nhiều cơ sở làm đá bỏ qua các tiêu chuẩn an toàn nhằm tối đa hóa lợi nhuận. Vì vậy, thay vì mua đá viên trôi nổi ngoài thị trường, các cơ sở kinh doanh dịch vụ ăn uống lại mạnh dạn chọn đầu tư một chiếc máy làm đá viên tinh khiết. </p>\r\n<table class=\"picture\" align=\"center\">\r\n    <tbody>\r\n        <tr>\r\n            <td class=\"pic\"><img   alt=\"Nguoi kinh doanh dich vu an uong co nen dau tu may lam da vien? hinh anh 1 \" src=\"https://znews-photo.zadn.vn/w660/Uploaded/wyhktpu/2019_06_18/H1.jpg\" width=\"760\" height=\"430\" /></td>\r\n        </tr>\r\n        <tr>\r\n            <td class=\"pCaption caption\">Đá viên tinh khiết giúp ly nước có màu trong suốt so với đá viên kém chất lượng.</td>\r\n        </tr>\r\n    </tbody>\r\n</table>\r\n<p>Xét về chất lượng và hình thức viên đá được sản xuất ra thì máy làm đá viên tinh khiết nổi trội hơn. Những chiếc máy này còn có nhiều loại khuôn, cho phép khách hàng lựa chọn kích cỡ viên đá theo mục đích sử dụng.</p>\r\n<p>Một thương hiệu sản xuất, phân phối máy làm đá viên uy tín trên thị trường hiện nay như Hải Âu còn được Cục Vệ sinh An toàn thực phẩm - Bộ Y tế và Viện nghiên cứu Pasteur TP.HCM chứng nhận đá viên sản xuất đạt chuẩn chất lượng, độ sạch cao.</p>\r\n<h3>Không lo thiếu đá và bị ép giá</h3>\r\n<p>Vào mùa hè, nhu cầu sử dụng đá viên để giải khát của người dân tăng cao gấp nhiều lần so với các khoảng thời gian khác trong năm. Điều này khiến nhiều nhà hàng, quán ăn… không ít lần rơi vào tình trạng không đủ đá để bán, trong khi các cơ sở sản xuất đá thì cháy hàng liên tục nên  ép giá khách hàng.</p>\r\n<table class=\"picture\" align=\"center\">\r\n    <tbody>\r\n        <tr>\r\n            <td class=\"pic\"><img   alt=\"Nguoi kinh doanh dich vu an uong co nen dau tu may lam da vien? hinh anh 2 \" src=\"https://znews-photo.zadn.vn/w660/Uploaded/wyhktpu/2019_06_18/1_5.jpg\" width=\"820\" height=\"460\" /></td>\r\n        </tr>\r\n        <tr>\r\n            <td class=\"pCaption caption\">Sử dụng máy làm đá viên tinh khiết Hải Âu giúp bạn chủ động nguồn đá viên và tiết kiệm chi phí.</td>\r\n        </tr>\r\n    </tbody>\r\n</table>\r\n<p>Nếu bạn sở hữu một chiếc máy làm đá, mối lo ngại này sẽ không còn nữa. Ví dụ, một chiếc máy làm đá Hải Âu có thể sản xuất 30-1.800 kg đá viên mỗi ngày, giúp các cơ sở kinh doanh không còn lo thiếu đá. </p>\r\n<p>Đá viên được sản xuất từ máy cũng lâu tan hơn nhiều so với đá đang bán trên thị trường nhờ độ làm lạnh sâu hơn. Thùng bảo ôn được tích hợp trong máy cho phép tích trữ đá 24 tiếng đồng hồ mà không bị tan chảy.</p>\r\n<h3>Tiết kiệm chi phí, điện năng</h3>\r\n<p>Khả năng tiết kiệm chi phí hay điện năng là một trong những vấn đề được nhiều người quan tâm khi mua bất kỳ sản phẩm điện máy nào. Những chiếc máy làm đá viên tinh khiết như của Hải Âu có thể mang đến cho người sử dụng số lượng đá viên lớn với chi phí rẻ, bằng khoảng 60% so với giá đá viên trôi nổi trên thị trường, và có khả năng tiết kiệm 50% điện năng. </p>\r\n<p>Đây cũng chính là một trong những lý do quan trọng khiến nhiều nhà hàng, khách sạn, quán ăn… quyết định đầu tư mua máy làm đá viên tinh khiết Hải Âu.</p>\r\n<table class=\"picture\" align=\"center\">\r\n    <tbody>\r\n        <tr>\r\n            <td class=\"pic\"><img   alt=\"Nguoi kinh doanh dich vu an uong co nen dau tu may lam da vien? hinh anh 3 \" src=\"https://znews-photo.zadn.vn/w660/Uploaded/wyhktpu/2019_06_18/H3_1.jpg\" width=\"820\" height=\"460\" /></td>\r\n        </tr>\r\n        <tr>\r\n            <td class=\"pCaption caption\">Các model máy làm đá viên Hải Âu sở hữu vẻ ngoài sang trọng và bắt mắt.</td>\r\n        </tr>\r\n    </tbody>\r\n</table>\r\n<p>Các loại máy làm đá Hải Âu hoạt động trên công nghệ của Italy, linh kiện lắp ráp được nhập khẩu nguyên tem từ châu Âu, nên hoạt động bền bỉ và có tuổi thọ cao. Hình thức máy nhỏ gọn và sang trọng nhờ được làm bằng chất liệu inox cao cấp. Ngoài ra, chế độ bảo hành lên tới 2 năm, bảo trì trọn đời cũng giúp Hải Âu Group giành được sự tin tưởng lớn từ người tiêu dùng.</p>\r', '/img/bg-img/140.jpg', 4, 12, '2019-06-22 00:48:55', 'Đã duyệt', '2019-06-22 00:48:55', '<p class=\"mb-2\">Trong vài năm trở lại đây, việc mua một chiếc máy làm đá viên tinh khiết đang dần trở thành lựa chọn của những cơ sở kinh doanh dịch vụ ăn uống.</p>', 47, NULL, '2019-05-04 15:38:58', 1);
INSERT INTO `post` VALUES (63, NULL, NULL, NULL, NULL, NULL, NULL, NULL, NULL, NULL, NULL, NULL, NULL, NULL);

-- ----------------------------
-- Table structure for post_tag
-- ----------------------------
DROP TABLE IF EXISTS `post_tag`;
CREATE TABLE `post_tag`  (
  `idpost` int(11) NOT NULL,
  `idtag` int(11) NOT NULL,
  PRIMARY KEY (`idpost`, `idtag`) USING BTREE
) ENGINE = InnoDB CHARACTER SET = utf8 COLLATE = utf8_general_ci ROW_FORMAT = Compact;

-- ----------------------------
-- Records of post_tag
-- ----------------------------
INSERT INTO `post_tag` VALUES (1, 2);
INSERT INTO `post_tag` VALUES (1, 3);
INSERT INTO `post_tag` VALUES (2, 1);
INSERT INTO `post_tag` VALUES (2, 4);
INSERT INTO `post_tag` VALUES (2, 11);
INSERT INTO `post_tag` VALUES (2, 15);
INSERT INTO `post_tag` VALUES (3, 5);
INSERT INTO `post_tag` VALUES (3, 6);
INSERT INTO `post_tag` VALUES (3, 7);
INSERT INTO `post_tag` VALUES (3, 15);
INSERT INTO `post_tag` VALUES (4, 0);
INSERT INTO `post_tag` VALUES (4, 8);
INSERT INTO `post_tag` VALUES (4, 9);
INSERT INTO `post_tag` VALUES (4, 10);
INSERT INTO `post_tag` VALUES (4, 15);
INSERT INTO `post_tag` VALUES (5, 0);
INSERT INTO `post_tag` VALUES (5, 1);
INSERT INTO `post_tag` VALUES (5, 10);
INSERT INTO `post_tag` VALUES (5, 15);
INSERT INTO `post_tag` VALUES (6, 1);
INSERT INTO `post_tag` VALUES (6, 11);
INSERT INTO `post_tag` VALUES (6, 15);
INSERT INTO `post_tag` VALUES (7, 12);
INSERT INTO `post_tag` VALUES (7, 13);
INSERT INTO `post_tag` VALUES (7, 14);
INSERT INTO `post_tag` VALUES (8, 14);
INSERT INTO `post_tag` VALUES (8, 17);
INSERT INTO `post_tag` VALUES (9, 16);
INSERT INTO `post_tag` VALUES (9, 17);
INSERT INTO `post_tag` VALUES (9, 34);
INSERT INTO `post_tag` VALUES (10, 14);
INSERT INTO `post_tag` VALUES (10, 16);
INSERT INTO `post_tag` VALUES (10, 17);
INSERT INTO `post_tag` VALUES (11, 14);
INSERT INTO `post_tag` VALUES (11, 16);
INSERT INTO `post_tag` VALUES (11, 17);
INSERT INTO `post_tag` VALUES (12, 15);
INSERT INTO `post_tag` VALUES (12, 18);
INSERT INTO `post_tag` VALUES (13, 1);
INSERT INTO `post_tag` VALUES (13, 19);
INSERT INTO `post_tag` VALUES (13, 20);
INSERT INTO `post_tag` VALUES (14, 14);
INSERT INTO `post_tag` VALUES (14, 21);
INSERT INTO `post_tag` VALUES (14, 22);
INSERT INTO `post_tag` VALUES (14, 23);
INSERT INTO `post_tag` VALUES (15, 17);
INSERT INTO `post_tag` VALUES (15, 23);
INSERT INTO `post_tag` VALUES (16, 17);
INSERT INTO `post_tag` VALUES (16, 21);
INSERT INTO `post_tag` VALUES (16, 23);
INSERT INTO `post_tag` VALUES (17, 20);
INSERT INTO `post_tag` VALUES (18, 25);
INSERT INTO `post_tag` VALUES (18, 26);
INSERT INTO `post_tag` VALUES (18, 27);
INSERT INTO `post_tag` VALUES (18, 28);
INSERT INTO `post_tag` VALUES (18, 29);
INSERT INTO `post_tag` VALUES (19, 26);
INSERT INTO `post_tag` VALUES (19, 28);
INSERT INTO `post_tag` VALUES (19, 29);
INSERT INTO `post_tag` VALUES (20, 26);
INSERT INTO `post_tag` VALUES (20, 27);
INSERT INTO `post_tag` VALUES (20, 28);
INSERT INTO `post_tag` VALUES (20, 29);
INSERT INTO `post_tag` VALUES (21, 26);
INSERT INTO `post_tag` VALUES (21, 27);
INSERT INTO `post_tag` VALUES (21, 29);
INSERT INTO `post_tag` VALUES (22, 24);
INSERT INTO `post_tag` VALUES (22, 30);
INSERT INTO `post_tag` VALUES (23, 24);
INSERT INTO `post_tag` VALUES (23, 30);
INSERT INTO `post_tag` VALUES (24, 24);
INSERT INTO `post_tag` VALUES (24, 30);
INSERT INTO `post_tag` VALUES (24, 31);
INSERT INTO `post_tag` VALUES (25, 24);
INSERT INTO `post_tag` VALUES (25, 31);
INSERT INTO `post_tag` VALUES (25, 32);
INSERT INTO `post_tag` VALUES (26, 24);
INSERT INTO `post_tag` VALUES (26, 33);
INSERT INTO `post_tag` VALUES (26, 34);
INSERT INTO `post_tag` VALUES (47, 3);
INSERT INTO `post_tag` VALUES (47, 6);
INSERT INTO `post_tag` VALUES (47, 8);
INSERT INTO `post_tag` VALUES (47, 10);
INSERT INTO `post_tag` VALUES (48, 13);
INSERT INTO `post_tag` VALUES (48, 25);
INSERT INTO `post_tag` VALUES (48, 29);
INSERT INTO `post_tag` VALUES (49, 1);
INSERT INTO `post_tag` VALUES (49, 7);
INSERT INTO `post_tag` VALUES (49, 11);
INSERT INTO `post_tag` VALUES (50, 3);
INSERT INTO `post_tag` VALUES (50, 4);
INSERT INTO `post_tag` VALUES (51, 8);
INSERT INTO `post_tag` VALUES (51, 16);
INSERT INTO `post_tag` VALUES (51, 23);
INSERT INTO `post_tag` VALUES (52, 20);
INSERT INTO `post_tag` VALUES (52, 22);
INSERT INTO `post_tag` VALUES (52, 23);
INSERT INTO `post_tag` VALUES (53, 11);
INSERT INTO `post_tag` VALUES (53, 16);
INSERT INTO `post_tag` VALUES (54, 11);
INSERT INTO `post_tag` VALUES (54, 12);
INSERT INTO `post_tag` VALUES (55, 6);
INSERT INTO `post_tag` VALUES (55, 8);
INSERT INTO `post_tag` VALUES (55, 23);
INSERT INTO `post_tag` VALUES (55, 24);
INSERT INTO `post_tag` VALUES (56, 3);
INSERT INTO `post_tag` VALUES (56, 7);
INSERT INTO `post_tag` VALUES (56, 8);
INSERT INTO `post_tag` VALUES (56, 11);
INSERT INTO `post_tag` VALUES (57, 16);
INSERT INTO `post_tag` VALUES (57, 18);
INSERT INTO `post_tag` VALUES (57, 19);
INSERT INTO `post_tag` VALUES (58, 1);
INSERT INTO `post_tag` VALUES (58, 20);
INSERT INTO `post_tag` VALUES (58, 23);
INSERT INTO `post_tag` VALUES (59, 11);
INSERT INTO `post_tag` VALUES (59, 23);
INSERT INTO `post_tag` VALUES (59, 30);
INSERT INTO `post_tag` VALUES (60, 11);
INSERT INTO `post_tag` VALUES (60, 12);
INSERT INTO `post_tag` VALUES (60, 17);
INSERT INTO `post_tag` VALUES (60, 18);
INSERT INTO `post_tag` VALUES (61, 2);
INSERT INTO `post_tag` VALUES (61, 9);
INSERT INTO `post_tag` VALUES (61, 10);
INSERT INTO `post_tag` VALUES (62, 7);
INSERT INTO `post_tag` VALUES (62, 8);
INSERT INTO `post_tag` VALUES (62, 11);
INSERT INTO `post_tag` VALUES (62, 19);
INSERT INTO `post_tag` VALUES (62, 24);

-- ----------------------------
-- Table structure for tag
-- ----------------------------
DROP TABLE IF EXISTS `tag`;
CREATE TABLE `tag`  (
  `id` int(11) NOT NULL AUTO_INCREMENT,
  `name` varchar(255) CHARACTER SET utf8 COLLATE utf8_general_ci NULL DEFAULT NULL,
  `createddate` datetime(0) NULL DEFAULT NULL ON UPDATE CURRENT_TIMESTAMP(0),
  PRIMARY KEY (`id`) USING BTREE
) ENGINE = InnoDB AUTO_INCREMENT = 35 CHARACTER SET = utf8 COLLATE = utf8_general_ci ROW_FORMAT = Compact;

-- ----------------------------
-- Records of tag
-- ----------------------------
INSERT INTO `tag` VALUES (1, 'huawei', '2019-05-11 00:19:31');
INSERT INTO `tag` VALUES (2, 'amazone', '2019-05-11 00:20:10');
INSERT INTO `tag` VALUES (3, 'billgates', '2019-05-11 00:20:19');
INSERT INTO `tag` VALUES (4, 'camera', '2019-05-25 15:25:05');
INSERT INTO `tag` VALUES (5, 'tromcap', '2019-05-11 00:21:25');
INSERT INTO `tag` VALUES (6, 'taisan', '2019-05-11 00:21:45');
INSERT INTO `tag` VALUES (7, 'hue', '2019-05-11 00:21:51');
INSERT INTO `tag` VALUES (8, 'macbook', NULL);
INSERT INTO `tag` VALUES (9, 'apple', NULL);
INSERT INTO `tag` VALUES (10, 'google', NULL);
INSERT INTO `tag` VALUES (11, 'smartphone', '2019-05-25 15:30:31');
INSERT INTO `tag` VALUES (12, 'bus', NULL);
INSERT INTO `tag` VALUES (13, 'hanoi', NULL);
INSERT INTO `tag` VALUES (14, 'market', NULL);
INSERT INTO `tag` VALUES (15, 'technology', NULL);
INSERT INTO `tag` VALUES (16, 'hcm', NULL);
INSERT INTO `tag` VALUES (17, 'vietnam', NULL);
INSERT INTO `tag` VALUES (18, 'tgdd', NULL);
INSERT INTO `tag` VALUES (19, 'america', '2019-05-25 15:35:03');
INSERT INTO `tag` VALUES (20, 'china', '2019-05-25 15:35:05');
INSERT INTO `tag` VALUES (21, 'bank', NULL);
INSERT INTO `tag` VALUES (22, 'creditcard', NULL);
INSERT INTO `tag` VALUES (23, 'buy', NULL);
INSERT INTO `tag` VALUES (24, 'healthy', NULL);
INSERT INTO `tag` VALUES (25, 'mu', NULL);
INSERT INTO `tag` VALUES (26, 'football', NULL);
INSERT INTO `tag` VALUES (27, 'sport', NULL);
INSERT INTO `tag` VALUES (28, 'goalkeeper', NULL);
INSERT INTO `tag` VALUES (29, 'congphuong', NULL);
INSERT INTO `tag` VALUES (30, 'doctor', NULL);
INSERT INTO `tag` VALUES (31, 'woman', NULL);
INSERT INTO `tag` VALUES (32, 'japan', NULL);
INSERT INTO `tag` VALUES (33, 'protein', NULL);
INSERT INTO `tag` VALUES (34, 'school', '2019-05-25 15:41:33');

-- ----------------------------
-- Table structure for user
-- ----------------------------
DROP TABLE IF EXISTS `user`;
CREATE TABLE `user`  (
  `id` int(11) NOT NULL AUTO_INCREMENT,
  `name` varchar(255) CHARACTER SET utf8 COLLATE utf8_general_ci NULL DEFAULT NULL,
  `username` varchar(255) CHARACTER SET utf8 COLLATE utf8_general_ci NULL DEFAULT NULL,
  `gender` varchar(10) CHARACTER SET utf8 COLLATE utf8_general_ci NULL DEFAULT NULL,
  `password` varchar(255) CHARACTER SET utf8 COLLATE utf8_general_ci NULL DEFAULT NULL,
  `email` varchar(100) CHARACTER SET utf8 COLLATE utf8_general_ci NULL DEFAULT NULL,
  `phone` varchar(20) CHARACTER SET utf8 COLLATE utf8_general_ci NULL DEFAULT NULL,
  `position` varchar(50) CHARACTER SET utf8 COLLATE utf8_general_ci NULL DEFAULT NULL,
  `createddate` datetime(0) NULL DEFAULT NULL ON UPDATE CURRENT_TIMESTAMP(0),
  PRIMARY KEY (`id`) USING BTREE
) ENGINE = InnoDB AUTO_INCREMENT = 13 CHARACTER SET = utf8 COLLATE = utf8_general_ci ROW_FORMAT = Compact;

-- ----------------------------
-- Records of user
-- ----------------------------
INSERT INTO `user` VALUES (1, 'Vũ Đình Hải', 'dinhhai', 'Nam', '$2a$10$EBhvzbLD/ImxDwwOLtipMu6fl1992siR6dsODquP/FuBGoipKFzAO', 'dinhhhaii@gmail.com', '0988585853', 'admin', '2019-06-16 23:41:52');
INSERT INTO `user` VALUES (2, 'Nguyễn Duy Hậu', 'duyhau', 'Nữ', '$2a$10$EBhvzbLD/ImxDwwOLtipMu6fl1992siR6dsODquP/FuBGoipKFzAO', 'duyhau9898@gmail.com', '09047283828', 'writer', '2019-06-16 23:41:53');
INSERT INTO `user` VALUES (3, 'Trần Tường Duy', 'tuongduy', 'Nam', '$2a$10$EBhvzbLD/ImxDwwOLtipMu6fl1992siR6dsODquP/FuBGoipKFzAO', 'duyithcmus2016@gmail.com', '02341535323', 'editor', '2019-06-16 23:41:55');
INSERT INTO `user` VALUES (4, 'Lê Văn Đạt', 'levandat', 'Nữ', '$2a$10$5eqq5p6Er2N7nlxNG51oMeQ762.8UMnTLPYLqxBXj/GrkEVnoXE8i', 'levandat@outlook.com', '0123454234', 'subcriber', '2019-06-19 09:52:08');
INSERT INTO `user` VALUES (5, 'Trần Tường Lửa', 'trantuonglua', 'Nam', '$2a$10$EBhvzbLD/ImxDwwOLtipMu6fl1992siR6dsODquP/FuBGoipKFzAO', 'ttlua@student.hcmus.edu.vn', '0972332425', 'subcriber', '2019-06-16 23:41:59');
INSERT INTO `user` VALUES (6, 'Nguyễn Duy Trì', 'nguyenduytri', 'Nữ', '$2a$10$EBhvzbLD/ImxDwwOLtipMu6fl1992siR6dsODquP/FuBGoipKFzAO', 'ndtri@yahoo.com', '01923392953', 'writer', '2019-06-16 23:42:00');
INSERT INTO `user` VALUES (7, 'Nguyen Van B', 'nguyenvanb', 'Nữ', '$2a$10$EBhvzbLD/ImxDwwOLtipMu6fl1992siR6dsODquP/FuBGoipKFzAO', 'abc@yahoo.com', '0', 'editor', '2019-06-22 00:09:44');
INSERT INTO `user` VALUES (8, 'Duy Đẹp Trai', 'duyvipaz20', 'Nam', '$2a$10$Et2N.rVi20tD/mUyPPlCLeTqMFATIkwCPyDOBBln06vTo/VUXELom', 'duyvipaz20@gmail.com', '0', 'subcriber', '2019-06-20 14:02:24');
INSERT INTO `user` VALUES (9, 'Trần Trung Nam', 'trungnam', 'Nam', '$2a$10$EBhvzbLD/ImxDwwOLtipMu6fl1992siR6dsODquP/FuBGoipKFzAO', 'trungnam@gmail.com', '013216542', 'editor', '2019-06-22 00:15:47');
INSERT INTO `user` VALUES (10, 'Hoài Phương', 'hoaiphuong', 'Nam', '$2a$10$EBhvzbLD/ImxDwwOLtipMu6fl1992siR6dsODquP/FuBGoipKFzAO', 'hoaiphuong@gmail.com', '0654321554', 'editor', '2019-06-22 00:16:34');
INSERT INTO `user` VALUES (11, 'Huỳnh Tân', 'huynhtan', 'Nam', '$2a$10$EBhvzbLD/ImxDwwOLtipMu6fl1992siR6dsODquP/FuBGoipKFzAO', 'huynhtan@gmail.com', '0654321545', 'editor', '2019-06-22 00:16:39');
INSERT INTO `user` VALUES (12, 'Kiều Phong', 'kieuphong', 'Nam', '$2a$10$EBhvzbLD/ImxDwwOLtipMu6fl1992siR6dsODquP/FuBGoipKFzAO', 'kieuphong@gmail.com', '0331154546', 'writer', '2019-06-22 00:47:53');

-- ----------------------------
-- Table structure for vipsubcriber
-- ----------------------------
DROP TABLE IF EXISTS `vipsubcriber`;
CREATE TABLE `vipsubcriber`  (
  `iduser` int(11) NOT NULL,
  `startdate` datetime(0) NULL DEFAULT NULL,
  `enddate` datetime(0) NULL DEFAULT NULL,
  PRIMARY KEY (`iduser`) USING BTREE
) ENGINE = InnoDB CHARACTER SET = utf8 COLLATE = utf8_vietnamese_ci ROW_FORMAT = Compact;

-- ----------------------------
-- Records of vipsubcriber
-- ----------------------------
INSERT INTO `vipsubcriber` VALUES (4, '2019-06-19 00:14:56', '2019-06-26 00:14:56');
INSERT INTO `vipsubcriber` VALUES (5, '2019-06-19 10:43:04', '2019-06-26 10:43:04');
INSERT INTO `vipsubcriber` VALUES (8, '2019-06-22 01:06:09', '2019-06-29 01:06:09');

SET FOREIGN_KEY_CHECKS = 1;
